database is locked
[Licensing::Module] Trying to connect to existing licensing client channel...
Built from '6000.3/staging' branch; Version is '6000.3.4f1 (fdd3b8998ec4) revision 16634808'; Using compiler version '194234433'; Build Type 'Release'
[Licensing::IpcConnector] Successfully connected to: "LicenseClient-03051" at "2026-02-02T15:08:43.9966426Z"
OS: 'Windows 11  (10.0.26200) Professional' Language: 'ru' Physical Memory: 16236 MB
BatchMode: 1, IsHumanControllingUs: 0, StartBugReporterOnCrash: 0, Is64bit: 1
System  architecture: x64
Process architecture: x64
Date: 2026-02-02T15:08:43Z

COMMAND LINE ARGUMENTS:
E:\unity\6000.3.4f1\Editor\Unity.exe
-adb2
-batchMode
-noUpm
-name
AssetImportWorker3
-projectPath
E:/Unity Project/tap tap dashGD511/tap tap dash GD511
-logFile
Logs/AssetImportWorker3.log
-srvPort
62307
-licensingIpc
LicenseClient-03051
-job-worker-count
11
-background-job-worker-count
8
-gc-helper-count
1
-name
AssetImport
Successfully changed project path to: E:/Unity Project/tap tap dashGD511/tap tap dash GD511
E:/Unity Project/tap tap dashGD511/tap tap dash GD511
[UnityMemory] Configuration Parameters - Can be set up in boot.config
    "memorysetup-temp-allocator-size-nav-mesh-worker=65536"
    "memorysetup-temp-allocator-size-audio-worker=65536"
    "memorysetup-temp-allocator-size-gfx=262144"
    "memorysetup-allocator-temp-initial-block-size-main=262144"
    "memorysetup-allocator-temp-initial-block-size-worker=262144"
    "memorysetup-temp-allocator-size-background-worker=32768"
    "memorysetup-temp-allocator-size-job-worker=262144"
    "memorysetup-temp-allocator-size-preload-manager=33554432"
    "memorysetup-temp-allocator-size-gi-baking-worker=262144"
    "memorysetup-temp-allocator-size-gi-baking-worker=262144"
    "memorysetup-temp-allocator-size-gi-baking-worker=262144"
    "memorysetup-temp-allocator-size-gi-baking-worker=262144"
    "memorysetup-temp-allocator-size-gi-baking-worker=262144"
    "memorysetup-bucket-allocator-granularity=16"
    "memorysetup-bucket-allocator-bucket-count=8"
    "memorysetup-bucket-allocator-block-size=33554432"
    "memorysetup-bucket-allocator-block-count=8"
    "memorysetup-main-allocator-block-size=16777216"
    "memorysetup-thread-allocator-block-size=16777216"
    "memorysetup-gfx-main-allocator-block-size=16777216"
    "memorysetup-gfx-thread-allocator-block-size=16777216"
    "memorysetup-cache-allocator-block-size=4194304"
    "memorysetup-typetree-allocator-block-size=2097152"
    "memorysetup-profiler-bucket-allocator-granularity=16"
    "memorysetup-profiler-bucket-allocator-bucket-count=8"
    "memorysetup-profiler-bucket-allocator-block-size=33554432"
    "memorysetup-profiler-bucket-allocator-block-count=8"
    "memorysetup-profiler-allocator-block-size=16777216"
    "memorysetup-profiler-editor-allocator-block-size=1048576"
    "memorysetup-temp-allocator-size-main=16777216"
    "memorysetup-job-temp-allocator-block-size=2097152"
    "memorysetup-job-temp-allocator-block-size-background=1048576"
    "memorysetup-job-temp-allocator-reduction-small-platforms=262144"
    "memorysetup-temp-allocator-size-cloud-worker=32768"
Player connection [6780]  Target information:

Player connection [6780]  * "[IP] 192.168.0.100 [Port] 0 [Flags] 2 [Guid] 3381080104 [EditorId] 3381080104 [Version] 1048832 [Id] WindowsEditor(7,AndrewPC) [Debug] 1 [PackageName] WindowsEditor [ProjectName] Editor" 

Player connection [6780]  * "[IP] 10.0.85.2 [Port] 0 [Flags] 2 [Guid] 3381080104 [EditorId] 3381080104 [Version] 1048832 [Id] WindowsEditor(7,AndrewPC) [Debug] 1 [PackageName] WindowsEditor [ProjectName] Editor" 

Player connection [6780]  * "[IP] 192.168.56.1 [Port] 0 [Flags] 2 [Guid] 3381080104 [EditorId] 3381080104 [Version] 1048832 [Id] WindowsEditor(7,AndrewPC) [Debug] 1 [PackageName] WindowsEditor [ProjectName] Editor" 

Player connection [6780] Host joined multi-casting on [225.0.0.222:54997]...
Player connection [6780] Host joined alternative multi-casting on [225.0.0.222:34997]...
JobSystem: Creating JobQueue using job-worker-count value 11
Input System module state changed to: Initialized.
[Physics::Module] Initialized fallback backend.
[Physics::Module] Id: 0xdecafbad
Library Redirect Path: Library/
[Physics::Module] Selected backend.
[Physics::Module] Name: PhysX
[Physics::Module] Id: 0xf2b8ea05
[Physics::Module] SDK Version: 4.1.2
[Physics::Module] Integration Version: 1.0.0
[Physics::Module] Threading Mode: Multi-Threaded
Refreshing native plugins compatible for Editor in 10.94 ms, found 3 plugins.
Preloading 0 native plugins for Editor in 0.00 ms.
Initialize engine version: 6000.3.4f1 (fdd3b8998ec4)
[Subsystems] Discovering subsystems at path E:/unity/6000.3.4f1/Editor/Data/Resources/UnitySubsystems
[Subsystems] Discovering subsystems at path E:/Unity Project/tap tap dashGD511/tap tap dash GD511/Assets
GfxDevice: creating device client; kGfxThreadingModeNonThreaded
Direct3D:
    Version:  Direct3D 11.0 [level 11.1]
    Renderer: AMD Radeon RX 580 2048SP (ID=0x6fdf)
    Vendor:   ATI
    VRAM:     8170 MB
    Driver:   31.0.12027.9001
Initialize mono
Mono path[0] = 'E:/unity/6000.3.4f1/Editor/Data/Managed'
Mono path[1] = 'E:/unity/6000.3.4f1/Editor/Data/MonoBleedingEdge/lib/mono/unityjit-win32'
Mono config path = 'E:/unity/6000.3.4f1/Editor/Data/MonoBleedingEdge/etc'
Using monoOptions --debugger-agent=transport=dt_socket,embedding=1,server=y,suspend=n,address=127.0.0.1:56296
Begin MonoManager ReloadAssembly
Registering precompiled unity dll's ...
Register platform support module: E:/unity/6000.3.4f1/Editor/Data/PlaybackEngines/WebGLSupport/UnityEditor.WebGL.Extensions.dll
Register platform support module: E:/unity/6000.3.4f1/Editor/Data/PlaybackEngines/WindowsStandaloneSupport/UnityEditor.WindowsStandalone.Extensions.dll
Registered in 0.002989 seconds.
- Loaded All Assemblies, in  1.295 seconds
Native extension for WindowsStandalone target not found
Native extension for WebGL target not found
ScheduleIndexationOnStartup MainProcess:False IndexOnStartup:True
Mono: successfully reloaded assembly
- Finished resetting the current domain, in  1.159 seconds
Domain Reload Profiling: 2453ms
	BeginReloadAssembly (459ms)
		ExecutionOrderSort (0ms)
		DisableScriptedObjects (0ms)
		BackupInstance (0ms)
		ReleaseScriptingObjects (0ms)
		CreateAndSetChildDomain (2ms)
	RebuildCommonClasses (104ms)
	RebuildNativeTypeToScriptingClass (42ms)
	initialDomainReloadingComplete (144ms)
	LoadAllAssembliesAndSetupDomain (544ms)
		LoadAssemblies (457ms)
		RebuildTransferFunctionScriptingTraits (0ms)
		AnalyzeDomain (537ms)
			TypeCache.Refresh (531ms)
				TypeCache.ScanAssembly (486ms)
			BuildScriptInfoCaches (0ms)
			ResolveRequiredComponents (1ms)
	FinalizeReload (1160ms)
		ReleaseScriptCaches (0ms)
		RebuildScriptCaches (0ms)
		SetupLoadedEditorAssemblies (1032ms)
			LogAssemblyErrors (0ms)
			InitializePlatformSupportModulesInManaged (117ms)
			SetLoadedEditorAssemblies (7ms)
			BeforeProcessingInitializeOnLoad (252ms)
			ProcessInitializeOnLoadAttributes (447ms)
			ProcessInitializeOnLoadMethodAttributes (209ms)
			AfterProcessingInitializeOnLoad (0ms)
			EditorAssembliesLoaded (0ms)
		ExecutionOrderSort2 (0ms)
		AwakeInstancesAfterBackupRestoration (0ms)
[Licensing::Client] Handshaking with LicensingClient:
  Version:                 1.17.4+4293ba1
  Session Id:              e0d4c4fcca00429d82c6665e349e5759
  Correlation Id:          7c8eaf41241a1288635266aec62ec46d
  External correlation Id: 8356130009062222200
  Machine Id:              fl+u5cdejddwypgSW6GhqK0MRfU=
[Licensing::Module] Successfully connected to LicensingClient on channel: "LicenseClient-03051" (connect: 0.00s, validation: 0.00s, handshake: 3.85s)
[Licensing::IpcConnector] Successfully connected to: "LicenseClient-03051-notifications" at "2026-02-02T15:08:47.8543929Z"
[Licensing::Module] Licensing Background thread has ended after 3.86s
========================================================================
Worker process is ready to serve import requests
Import Worker Mode flag is 0x00
Begin MonoManager ReloadAssembly
[Licensing::Client] Successfully resolved entitlement details
[Licensing::Module] License group:
  Id: 10171059585381-UnityPersXXXX
  Product: Unity Personal
  Type: Assigned
  Expiration: Unlimited
- Loaded All Assemblies, in  2.381 seconds
Refreshing native plugins compatible for Editor in 1.36 ms, found 3 plugins.
Native extension for WindowsStandalone target not found
Native extension for WebGL target not found
Package Manager log level set to [2]
[Package Manager] Failed to launch server process. Reason: Unity was launched with the -noUpm command-line argument
[Package Manager] Unable to send message (not connected to server process).
[Package Manager] Cannot connect to Unity Package Manager local server
ScheduleIndexationOnStartup MainProcess:False IndexOnStartup:True
Mono: successfully reloaded assembly
- Finished resetting the current domain, in  1.720 seconds
Domain Reload Profiling: 4101ms
	BeginReloadAssembly (500ms)
		ExecutionOrderSort (0ms)
		DisableScriptedObjects (17ms)
		BackupInstance (0ms)
		ReleaseScriptingObjects (0ms)
		CreateAndSetChildDomain (82ms)
	RebuildCommonClasses (104ms)
	RebuildNativeTypeToScriptingClass (34ms)
	initialDomainReloadingComplete (73ms)
	LoadAllAssembliesAndSetupDomain (1669ms)
		LoadAssemblies (1263ms)
		RebuildTransferFunctionScriptingTraits (0ms)
		AnalyzeDomain (684ms)
			TypeCache.Refresh (509ms)
				TypeCache.ScanAssembly (466ms)
			BuildScriptInfoCaches (134ms)
			ResolveRequiredComponents (30ms)
	FinalizeReload (1721ms)
		ReleaseScriptCaches (0ms)
		RebuildScriptCaches (0ms)
		SetupLoadedEditorAssemblies (1404ms)
			LogAssemblyErrors (0ms)
			InitializePlatformSupportModulesInManaged (5ms)
			SetLoadedEditorAssemblies (11ms)
			BeforeProcessingInitializeOnLoad (447ms)
			ProcessInitializeOnLoadAttributes (776ms)
			ProcessInitializeOnLoadMethodAttributes (151ms)
			AfterProcessingInitializeOnLoad (13ms)
			EditorAssembliesLoaded (1ms)
		ExecutionOrderSort2 (0ms)
		AwakeInstancesAfterBackupRestoration (15ms)
WARNING: Shader Unsupported: 'Hidden/Universal Render Pipeline/Terrain/Lit (Base Pass)' - All subshaders removed
WARNING: Shader Did you use #pragma only_renderers and omit this platform?
WARNING: Shader If subshaders removal was intentional, you may have forgotten turning Fallback off?
WARNING: Shader Unsupported: 'Hidden/Universal Render Pipeline/Terrain/Lit (Base Pass)' - All subshaders removed
WARNING: Shader Did you use #pragma only_renderers and omit this platform?
WARNING: Shader If subshaders removal was intentional, you may have forgotten turning Fallback off?
WARNING: Shader Unsupported: 'Universal Render Pipeline/Terrain/Lit' - All subshaders removed
WARNING: Shader Did you use #pragma only_renderers and omit this platform?
WARNING: Shader If subshaders removal was intentional, you may have forgotten turning Fallback off?
WARNING: Shader Unsupported: 'Universal Render Pipeline/Terrain/Lit' - All subshaders removed
WARNING: Shader Did you use #pragma only_renderers and omit this platform?
WARNING: Shader If subshaders removal was intentional, you may have forgotten turning Fallback off?
Launched and connected shader compiler UnityShaderCompiler.exe after 0.04 seconds
Refreshing native plugins compatible for Editor in 1.38 ms, found 3 plugins.
Preloading 0 native plugins for Editor in 0.00 ms.
Unloading 45 Unused Serialized files (Serialized files now loaded: 0)
Unloading 6271 unused Assets / (7.2 MB). Loaded Objects now: 6907.
Memory consumption went from 144.2 MB to 137.0 MB.
Total: 32.793800 ms (FindLiveObjects: 3.052200 ms CreateObjectMapping: 2.993700 ms MarkObjects: 18.206000 ms  DeleteObjects: 8.539600 ms)

========================================================================
Received Import Request.
  Time since last request: 45426.631955 seconds.
  path: Assets/POLYGON - FPS free/Prefabs/pickUp_prefabs/equipment/red_dot_d_pickUp_prefab.prefab
  artifactKey: Guid(97e6ae8c37f2acf43a603697ad92128f) Importer(2089858483,b0f066a214c2f5e87bad3c948f4d605d)
Start importing Assets/POLYGON - FPS free/Prefabs/pickUp_prefabs/equipment/red_dot_d_pickUp_prefab.prefab using Guid(97e6ae8c37f2acf43a603697ad92128f) Importer(2089858483,b0f066a214c2f5e87bad3c948f4d605d) (ScriptedImporter) -> (artifact id: 'dc5dd213ae146ec0b4cfc9ed8375606c') in 0.2680027 seconds
Number of updated asset objects reloaded before import = 0Number of asset objects unloaded after import = 22

========================================================================
Received Import Request.
  Time since last request: 0.000035 seconds.
  path: Assets/POLYGON - FPS free/weapons raw/Equipment_raw_prefab/light.prefab
  artifactKey: Guid(23928b4dbcb61ff40963949ff6ac6e1c) Importer(2089858483,b0f066a214c2f5e87bad3c948f4d605d)
Start importing Assets/POLYGON - FPS free/weapons raw/Equipment_raw_prefab/light.prefab using Guid(23928b4dbcb61ff40963949ff6ac6e1c) Importer(2089858483,b0f066a214c2f5e87bad3c948f4d605d) (ScriptedImporter) -> (artifact id: 'b839b300a34c19db345a1a6fa312ed1b') in 0.1019164 seconds
Number of updated asset objects reloaded before import = 0Number of asset objects unloaded after import = 5

========================================================================
Received Import Request.
  Time since last request: 0.000046 seconds.
  path: Assets/materials/floor.mat
  artifactKey: Guid(941d983720ebcb8429074deb8cf4352d) Importer(2089858483,b0f066a214c2f5e87bad3c948f4d605d)
Start importing Assets/materials/floor.mat using Guid(941d983720ebcb8429074deb8cf4352d) Importer(2089858483,b0f066a214c2f5e87bad3c948f4d605d) (ScriptedImporter) -> (artifact id: '686489f5ec55ec8f356decd06d06891a') in 0.090057 seconds
Number of updated asset objects reloaded before import = 0Number of asset objects unloaded after import = 1

========================================================================
Received Import Request.
  Time since last request: 0.000145 seconds.
  path: Assets/POLYGON - FPS free/weapon icon/weapon icon lighting/Russian_sniper.PNG
  artifactKey: Guid(b16c9abf17e4ae8408649d93f8a1efdc) Importer(2089858483,b0f066a214c2f5e87bad3c948f4d605d)
Start importing Assets/POLYGON - FPS free/weapon icon/weapon icon lighting/Russian_sniper.PNG using Guid(b16c9abf17e4ae8408649d93f8a1efdc) Importer(2089858483,b0f066a214c2f5e87bad3c948f4d605d) (ScriptedImporter) -> (artifact id: '5b95d99010bab456d41c20dde22e1394') in 0.1303237 seconds
Number of updated asset objects reloaded before import = 0Number of asset objects unloaded after import = 3

========================================================================
Received Import Request.
  Time since last request: 0.000044 seconds.
  path: Assets/POLYGON - FPS free/weapons raw/equipment_mats/suppressor_d
  artifactKey: Guid(c4fdb94c558a2ea4f8eac40d88a55d97) Importer(2089858483,b0f066a214c2f5e87bad3c948f4d605d)
Start importing Assets/POLYGON - FPS free/weapons raw/equipment_mats/suppressor_d using Guid(c4fdb94c558a2ea4f8eac40d88a55d97) Importer(2089858483,b0f066a214c2f5e87bad3c948f4d605d) (ScriptedImporter) -> (artifact id: 'b024be0a6e823bad09f08c79f6603ff9') in 0.0226091 seconds
Number of updated asset objects reloaded before import = 0Number of asset objects unloaded after import = 1

========================================================================
Received Import Request.
  Time since last request: 0.000111 seconds.
  path: Assets/POLYGON - FPS free/Prefabs/pickUp_prefabs/equipment/red_dot_a_pickUp_prefab.prefab
  artifactKey: Guid(499854e68d439c843b111dd20bcaff52) Importer(2089858483,b0f066a214c2f5e87bad3c948f4d605d)
Start importing Assets/POLYGON - FPS free/Prefabs/pickUp_prefabs/equipment/red_dot_a_pickUp_prefab.prefab using Guid(499854e68d439c843b111dd20bcaff52) Importer(2089858483,b0f066a214c2f5e87bad3c948f4d605d) (ScriptedImporter) -> (artifact id: '91d105ab45e437c8505cc34108c6db24') in 0.0596481 seconds
Number of updated asset objects reloaded before import = 0Number of asset objects unloaded after import = 22

========================================================================
Received Import Request.
  Time since last request: 0.000025 seconds.
  path: Assets/POLYGON - FPS free/weapons raw/bullet_shells_fbxTexMat/7,62x54.png
  artifactKey: Guid(fdfa6b341da5d0f478122db979a21d2d) Importer(2089858483,b0f066a214c2f5e87bad3c948f4d605d)
Start importing Assets/POLYGON - FPS free/weapons raw/bullet_shells_fbxTexMat/7,62x54.png using Guid(fdfa6b341da5d0f478122db979a21d2d) Importer(2089858483,b0f066a214c2f5e87bad3c948f4d605d) (ScriptedImporter) -> (artifact id: '70f3b83121011285e77427533a8169c4') in 0.0458728 seconds
Number of updated asset objects reloaded before import = 0Number of asset objects unloaded after import = 1

========================================================================
Received Import Request.
  Time since last request: 0.000145 seconds.
  path: Assets/POLYGON - FPS free/Prefabs/props/TexMat/lever.mat
  artifactKey: Guid(854f35576520b8c46971f3314f0d4bf5) Importer(2089858483,b0f066a214c2f5e87bad3c948f4d605d)
Start importing Assets/POLYGON - FPS free/Prefabs/props/TexMat/lever.mat using Guid(854f35576520b8c46971f3314f0d4bf5) Importer(2089858483,b0f066a214c2f5e87bad3c948f4d605d) (ScriptedImporter) -> (artifact id: '4f41c95be47f0e248577b5106fa990e6') in 0.0779593 seconds
Number of updated asset objects reloaded before import = 0Number of asset objects unloaded after import = 3

========================================================================
Received Import Request.
  Time since last request: 0.000031 seconds.
  path: Assets/POLYGON - FPS free/weapons raw/equipment_mats/red_dot_c/Materials/Cam_1.mat
  artifactKey: Guid(fc0058242bbeea448951beb09dc8f149) Importer(2089858483,b0f066a214c2f5e87bad3c948f4d605d)
Start importing Assets/POLYGON - FPS free/weapons raw/equipment_mats/red_dot_c/Materials/Cam_1.mat using Guid(fc0058242bbeea448951beb09dc8f149) Importer(2089858483,b0f066a214c2f5e87bad3c948f4d605d) (ScriptedImporter) -> (artifact id: '60f4778d0ad2d59a84656ec64f9a55d5') in 0.0283144 seconds
Number of updated asset objects reloaded before import = 0Number of asset objects unloaded after import = 2

========================================================================
Received Import Request.
  Time since last request: 0.000106 seconds.
  path: Assets/POLYGON - FPS free/weapons raw/Assault57/Assault57.png
  artifactKey: Guid(a02282cb44583844bb056108f0106498) Importer(2089858483,b0f066a214c2f5e87bad3c948f4d605d)
Start importing Assets/POLYGON - FPS free/weapons raw/Assault57/Assault57.png using Guid(a02282cb44583844bb056108f0106498) Importer(2089858483,b0f066a214c2f5e87bad3c948f4d605d) (ScriptedImporter) -> (artifact id: '714e247ef8635d02595c37903a33c222') in 0.0306833 seconds
Number of updated asset objects reloaded before import = 0Number of asset objects unloaded after import = 1

========================================================================
Received Import Request.
  Time since last request: 0.000125 seconds.
  path: Assets/materials/player.mat
  artifactKey: Guid(5e79362dbb0cec645aa4e949c4b60f84) Importer(2089858483,b0f066a214c2f5e87bad3c948f4d605d)
Start importing Assets/materials/player.mat using Guid(5e79362dbb0cec645aa4e949c4b60f84) Importer(2089858483,b0f066a214c2f5e87bad3c948f4d605d) (ScriptedImporter) -> (artifact id: '303cee70f8dff895cfe1033d3c77895e') in 0.0683082 seconds
Number of updated asset objects reloaded before import = 0Number of asset objects unloaded after import = 1

========================================================================
Received Import Request.
  Time since last request: 0.000116 seconds.
  path: Assets/POLYGON - FPS free/weapons raw/bullet_shells_fbxTexMat/7,62x54.fbx
  artifactKey: Guid(bd87108898e572d44b18fc8db0a66d2a) Importer(2089858483,b0f066a214c2f5e87bad3c948f4d605d)
Start importing Assets/POLYGON - FPS free/weapons raw/bullet_shells_fbxTexMat/7,62x54.fbx using Guid(bd87108898e572d44b18fc8db0a66d2a) Importer(2089858483,b0f066a214c2f5e87bad3c948f4d605d) (ScriptedImporter) -> (artifact id: 'c0a259f5b37b49b15a09cb9862abb8f0') in 0.1270313 seconds
Number of updated asset objects reloaded before import = 0Number of asset objects unloaded after import = 9

========================================================================
Received Import Request.
  Time since last request: 0.000031 seconds.
  path: Assets/POLYGON - FPS free/polygon fps sounds/axe
  artifactKey: Guid(8018798147ad2c5478afeb2646e837bf) Importer(2089858483,b0f066a214c2f5e87bad3c948f4d605d)
Start importing Assets/POLYGON - FPS free/polygon fps sounds/axe using Guid(8018798147ad2c5478afeb2646e837bf) Importer(2089858483,b0f066a214c2f5e87bad3c948f4d605d) (ScriptedImporter) -> (artifact id: '7158e14e8b25fce5ed9850460be7d69a') in 0.0224883 seconds
Number of updated asset objects reloaded before import = 0Number of asset objects unloaded after import = 1

========================================================================
Received Import Request.
  Time since last request: 0.000105 seconds.
  path: Assets/POLYGON - FPS free/weapon icon/weapon icon lighting/tarusk.PNG
  artifactKey: Guid(084fffc6a046abe46a87187f8d07cb01) Importer(2089858483,b0f066a214c2f5e87bad3c948f4d605d)
Start importing Assets/POLYGON - FPS free/weapon icon/weapon icon lighting/tarusk.PNG using Guid(084fffc6a046abe46a87187f8d07cb01) Importer(2089858483,b0f066a214c2f5e87bad3c948f4d605d) (ScriptedImporter) -> (artifact id: 'fa525865d543b8175dd64c62a614557a') in 0.0564701 seconds
Number of updated asset objects reloaded before import = 0Number of asset objects unloaded after import = 3

========================================================================
Received Import Request.
  Time since last request: 0.000027 seconds.
  path: Assets/POLYGON - FPS free/weapons raw/old_pistol/holder.mat
  artifactKey: Guid(fdd58f79bff91184fbf24125b3055b3c) Importer(2089858483,b0f066a214c2f5e87bad3c948f4d605d)
Start importing Assets/POLYGON - FPS free/weapons raw/old_pistol/holder.mat using Guid(fdd58f79bff91184fbf24125b3055b3c) Importer(2089858483,b0f066a214c2f5e87bad3c948f4d605d) (ScriptedImporter) -> (artifact id: '78334423950f0d4c0f74887f520c51fe') in 0.0391802 seconds
Number of updated asset objects reloaded before import = 0Number of asset objects unloaded after import = 2

========================================================================
Received Import Request.
  Time since last request: 0.000030 seconds.
  path: Assets/POLYGON - FPS free/killer bunny/AniSound/on_head.mask
  artifactKey: Guid(e3cc7cceb5ae9b3488cf5cfa8ee656df) Importer(2089858483,b0f066a214c2f5e87bad3c948f4d605d)
Start importing Assets/POLYGON - FPS free/killer bunny/AniSound/on_head.mask using Guid(e3cc7cceb5ae9b3488cf5cfa8ee656df) Importer(2089858483,b0f066a214c2f5e87bad3c948f4d605d) (ScriptedImporter) -> (artifact id: 'c74d7da90aa8212b42b255e82bd615ab') in 0.0934618 seconds
Number of updated asset objects reloaded before import = 0Number of asset objects unloaded after import = 1

========================================================================
Received Import Request.
  Time since last request: 0.000098 seconds.
  path: Assets/POLYGON - FPS free/Prefabs/pickUp_prefabs/equipment/Scope_a_pickUp_prefab.prefab
  artifactKey: Guid(a4553dbca7bdbe34aae84380312b316c) Importer(2089858483,b0f066a214c2f5e87bad3c948f4d605d)
Start importing Assets/POLYGON - FPS free/Prefabs/pickUp_prefabs/equipment/Scope_a_pickUp_prefab.prefab using Guid(a4553dbca7bdbe34aae84380312b316c) Importer(2089858483,b0f066a214c2f5e87bad3c948f4d605d) (ScriptedImporter) -> (artifact id: '6e9766142c4f957cb8114d2e513b85cc') in 0.045699 seconds
Number of updated asset objects reloaded before import = 0Number of asset objects unloaded after import = 32

========================================================================
Received Import Request.
  Time since last request: 0.009492 seconds.
  path: Assets/POLYGON - FPS free/Prefabs/pickUp_prefabs/equipment/scope_c_pickUp_prefab.prefab
  artifactKey: Guid(7c1bb32a509464d47a223524702bc86b) Importer(2089858483,b0f066a214c2f5e87bad3c948f4d605d)
Start importing Assets/POLYGON - FPS free/Prefabs/pickUp_prefabs/equipment/scope_c_pickUp_prefab.prefab using Guid(7c1bb32a509464d47a223524702bc86b) Importer(2089858483,b0f066a214c2f5e87bad3c948f4d605d) (ScriptedImporter) -> (artifact id: '778c95cb233e8cc9c97ae3fc74850ac2') in 0.0461146 seconds
Number of updated asset objects reloaded before import = 0Number of asset objects unloaded after import = 32

========================================================================
Received Import Request.
  Time since last request: 0.000036 seconds.
  path: Assets/POLYGON - FPS free/map/particles/stone_particle.prefab
  artifactKey: Guid(3a4f6f8fa48cf32428a942fefc61c5dd) Importer(2089858483,b0f066a214c2f5e87bad3c948f4d605d)
Start importing Assets/POLYGON - FPS free/map/particles/stone_particle.prefab using Guid(3a4f6f8fa48cf32428a942fefc61c5dd) Importer(2089858483,b0f066a214c2f5e87bad3c948f4d605d) (ScriptedImporter) -> (artifact id: 'b7003bd919f8c51cb341204a84303ab6') in 0.2451147 seconds
Number of updated asset objects reloaded before import = 0Number of asset objects unloaded after import = 8

========================================================================
Received Import Request.
  Time since last request: 0.000079 seconds.
  path: Assets/POLYGON - FPS free/map/fbx/texture4.mat
  artifactKey: Guid(1cff5a475cae5414595200905b46f3c4) Importer(2089858483,b0f066a214c2f5e87bad3c948f4d605d)
Start importing Assets/POLYGON - FPS free/map/fbx/texture4.mat using Guid(1cff5a475cae5414595200905b46f3c4) Importer(2089858483,b0f066a214c2f5e87bad3c948f4d605d) (ScriptedImporter) -> (artifact id: '524dc211c20fcb888d8f83d0d64e0e53') in 0.0284178 seconds
Number of updated asset objects reloaded before import = 0Number of asset objects unloaded after import = 2

========================================================================
Received Import Request.
  Time since last request: 0.000043 seconds.
  path: Assets/POLYGON - FPS free/weapon icon/weapon icon lighting/rp9.PNG
  artifactKey: Guid(511c01800c2205143bc137d1a74f45fd) Importer(2089858483,b0f066a214c2f5e87bad3c948f4d605d)
Start importing Assets/POLYGON - FPS free/weapon icon/weapon icon lighting/rp9.PNG using Guid(511c01800c2205143bc137d1a74f45fd) Importer(2089858483,b0f066a214c2f5e87bad3c948f4d605d) (ScriptedImporter) -> (artifact id: '3b94445af4c6fbff2986ad9acaa35f38') in 0.0524642 seconds
Number of updated asset objects reloaded before import = 0Number of asset objects unloaded after import = 3

========================================================================
Received Import Request.
  Time since last request: 0.000033 seconds.
  path: Assets/POLYGON - FPS free/map/particles/blood_prefab.prefab
  artifactKey: Guid(36ef1f6a05858884ea5f4d1ae891712a) Importer(2089858483,b0f066a214c2f5e87bad3c948f4d605d)
Start importing Assets/POLYGON - FPS free/map/particles/blood_prefab.prefab using Guid(36ef1f6a05858884ea5f4d1ae891712a) Importer(2089858483,b0f066a214c2f5e87bad3c948f4d605d) (ScriptedImporter) -> (artifact id: 'c04a943f74f785decc5b778b811fc914') in 0.036036 seconds
Number of updated asset objects reloaded before import = 0Number of asset objects unloaded after import = 8

========================================================================
Received Import Request.
  Time since last request: 0.000029 seconds.
  path: Assets/POLYGON - FPS free/map/particles/TexMat
  artifactKey: Guid(4074aa52e5ce48147b86998ec4a947b8) Importer(2089858483,b0f066a214c2f5e87bad3c948f4d605d)
Start importing Assets/POLYGON - FPS free/map/particles/TexMat using Guid(4074aa52e5ce48147b86998ec4a947b8) Importer(2089858483,b0f066a214c2f5e87bad3c948f4d605d) (ScriptedImporter) -> (artifact id: 'a113b3ead96ea246aeb57d1a98fe7874') in 0.0174785 seconds
Number of updated asset objects reloaded before import = 0Number of asset objects unloaded after import = 1

========================================================================
Received Import Request.
  Time since last request: 0.000112 seconds.
  path: Assets/POLYGON - FPS free/weapon icon/weapon icon lighting/grenade_launcher.PNG
  artifactKey: Guid(b46757dda229b7245bbcb550e5d259e2) Importer(2089858483,b0f066a214c2f5e87bad3c948f4d605d)
Start importing Assets/POLYGON - FPS free/weapon icon/weapon icon lighting/grenade_launcher.PNG using Guid(b46757dda229b7245bbcb550e5d259e2) Importer(2089858483,b0f066a214c2f5e87bad3c948f4d605d) (ScriptedImporter) -> (artifact id: 'ed06572af1fad43094067216d989e2ca') in 0.0479517 seconds
Number of updated asset objects reloaded before import = 0Number of asset objects unloaded after import = 3

========================================================================
Received Import Request.
  Time since last request: 0.000025 seconds.
  path: Assets/POLYGON - FPS free/polygon fps sounds/legs
  artifactKey: Guid(a61a2954e2f51bb418d96638ea05728d) Importer(2089858483,b0f066a214c2f5e87bad3c948f4d605d)
Start importing Assets/POLYGON - FPS free/polygon fps sounds/legs using Guid(a61a2954e2f51bb418d96638ea05728d) Importer(2089858483,b0f066a214c2f5e87bad3c948f4d605d) (ScriptedImporter) -> (artifact id: '7f840ec92dc1b8a9ce8f742bfd792553') in 0.0149394 seconds
Number of updated asset objects reloaded before import = 0Number of asset objects unloaded after import = 1

========================================================================
Received Import Request.
  Time since last request: 0.000054 seconds.
  path: Assets/POLYGON - FPS free/weapons raw/equipment_mats/red_dot_a/red_dot_a.png
  artifactKey: Guid(23540457b3ac5c8409e8942292171873) Importer(2089858483,b0f066a214c2f5e87bad3c948f4d605d)
Start importing Assets/POLYGON - FPS free/weapons raw/equipment_mats/red_dot_a/red_dot_a.png using Guid(23540457b3ac5c8409e8942292171873) Importer(2089858483,b0f066a214c2f5e87bad3c948f4d605d) (ScriptedImporter) -> (artifact id: '6a595334c7a6f07d81567e556fd6a934') in 0.0295718 seconds
Number of updated asset objects reloaded before import = 0Number of asset objects unloaded after import = 1

========================================================================
Received Import Request.
  Time since last request: 0.000121 seconds.
  path: Assets/POLYGON - FPS free/scripts/petrol_can.cs
  artifactKey: Guid(e9f71671f71addb45896bf5b6b9fff7c) Importer(2089858483,b0f066a214c2f5e87bad3c948f4d605d)
Start importing Assets/POLYGON - FPS free/scripts/petrol_can.cs using Guid(e9f71671f71addb45896bf5b6b9fff7c) Importer(2089858483,b0f066a214c2f5e87bad3c948f4d605d) (ScriptedImporter) -> (artifact id: '28772eee6df33a2d70800f7807fdb4e8') in 0.0261079 seconds
Number of updated asset objects reloaded before import = 0Number of asset objects unloaded after import = 0

========================================================================
Received Import Request.
  Time since last request: 0.000161 seconds.
  path: Assets/POLYGON - FPS free/scripts/bunny_spawn.cs
  artifactKey: Guid(8b80eaa3a46bb1c4a875bfda16803f33) Importer(2089858483,b0f066a214c2f5e87bad3c948f4d605d)
Start importing Assets/POLYGON - FPS free/scripts/bunny_spawn.cs using Guid(8b80eaa3a46bb1c4a875bfda16803f33) Importer(2089858483,b0f066a214c2f5e87bad3c948f4d605d) (ScriptedImporter) -> (artifact id: '077fa79f0828107cb4fefd2f780afaf9') in 0.0215958 seconds
Number of updated asset objects reloaded before import = 0Number of asset objects unloaded after import = 0

========================================================================
Received Import Request.
  Time since last request: 0.000140 seconds.
  path: Assets/POLYGON - FPS free/weapons raw/bullet_shells_fbxTexMat/40mm_grenade.mat
  artifactKey: Guid(b50e69563dd6f0b4a90ed6133a03145c) Importer(2089858483,b0f066a214c2f5e87bad3c948f4d605d)
Start importing Assets/POLYGON - FPS free/weapons raw/bullet_shells_fbxTexMat/40mm_grenade.mat using Guid(b50e69563dd6f0b4a90ed6133a03145c) Importer(2089858483,b0f066a214c2f5e87bad3c948f4d605d) (ScriptedImporter) -> (artifact id: 'c953b7052b4ce0b9e3e8c3963ea230dc') in 0.0549328 seconds
Number of updated asset objects reloaded before import = 0Number of asset objects unloaded after import = 2

========================================================================
Received Import Request.
  Time since last request: 0.000027 seconds.
  path: Assets/POLYGON - FPS free/weapons raw/bullet_shells_fbxTexMat/5.7x28.mat
  artifactKey: Guid(a72b186a0e8a9a745ae5d3174fdb9505) Importer(2089858483,b0f066a214c2f5e87bad3c948f4d605d)
Start importing Assets/POLYGON - FPS free/weapons raw/bullet_shells_fbxTexMat/5.7x28.mat using Guid(a72b186a0e8a9a745ae5d3174fdb9505) Importer(2089858483,b0f066a214c2f5e87bad3c948f4d605d) (ScriptedImporter) -> (artifact id: '15d25b657c8e8528468e97604dce4699') in 0.0409023 seconds
Number of updated asset objects reloaded before import = 0Number of asset objects unloaded after import = 2

========================================================================
Received Import Request.
  Time since last request: 0.000033 seconds.
  path: Assets/POLYGON - FPS free/scripts/find_destory_able_props.cs
  artifactKey: Guid(17c6ef316816d4f459d3cb51f50402b4) Importer(2089858483,b0f066a214c2f5e87bad3c948f4d605d)
Start importing Assets/POLYGON - FPS free/scripts/find_destory_able_props.cs using Guid(17c6ef316816d4f459d3cb51f50402b4) Importer(2089858483,b0f066a214c2f5e87bad3c948f4d605d) (ScriptedImporter) -> (artifact id: '4295be7caeb38ccf9847038b1a2a4c25') in 0.0305926 seconds
Number of updated asset objects reloaded before import = 0Number of asset objects unloaded after import = 0

========================================================================
Received Import Request.
  Time since last request: 0.000164 seconds.
  path: Assets/POLYGON - FPS free/killer bunny/fbxInfo/Killer_bunny_head_drops.fbx
  artifactKey: Guid(7079ed205e935bd49b8eb44863393a56) Importer(2089858483,b0f066a214c2f5e87bad3c948f4d605d)
Start importing Assets/POLYGON - FPS free/killer bunny/fbxInfo/Killer_bunny_head_drops.fbx using Guid(7079ed205e935bd49b8eb44863393a56) Importer(2089858483,b0f066a214c2f5e87bad3c948f4d605d) (ScriptedImporter) -> (artifact id: '27237f9a09fa0332c951f6adb41e70c2') in 0.075105 seconds
Number of updated asset objects reloaded before import = 0Number of asset objects unloaded after import = 88

========================================================================
Received Import Request.
  Time since last request: 0.000034 seconds.
  path: Assets/POLYGON - FPS free/weapons raw/Equipment_raw_prefab/Scope_b_prefab.prefab
  artifactKey: Guid(badec3aa581d4514daa633f9c9d5608d) Importer(2089858483,b0f066a214c2f5e87bad3c948f4d605d)
Start importing Assets/POLYGON - FPS free/weapons raw/Equipment_raw_prefab/Scope_b_prefab.prefab using Guid(badec3aa581d4514daa633f9c9d5608d) Importer(2089858483,b0f066a214c2f5e87bad3c948f4d605d) (ScriptedImporter) -> (artifact id: '79fa07dcf8a257218df637ee7538aea6') in 0.0557637 seconds
Number of updated asset objects reloaded before import = 0Number of asset objects unloaded after import = 34

========================================================================
Received Import Request.
  Time since last request: 0.000026 seconds.
  path: Assets/POLYGON - FPS free/killer bunny/MatTex/Bone.png
  artifactKey: Guid(3d53017112f7b614892e3315f5c54c9c) Importer(2089858483,b0f066a214c2f5e87bad3c948f4d605d)
Start importing Assets/POLYGON - FPS free/killer bunny/MatTex/Bone.png using Guid(3d53017112f7b614892e3315f5c54c9c) Importer(2089858483,b0f066a214c2f5e87bad3c948f4d605d) (ScriptedImporter) -> (artifact id: '151535a8fd2e101177e4257a0decdfd5') in 0.0253287 seconds
Number of updated asset objects reloaded before import = 0Number of asset objects unloaded after import = 1

========================================================================
Received Import Request.
  Time since last request: 0.000116 seconds.
  path: Assets/POLYGON - FPS free/Prefabs/pickUp_prefabs/equipment/laser_a_prefab.prefab
  artifactKey: Guid(4fca3b1f61b89c046b9a9f436f3f4d62) Importer(2089858483,b0f066a214c2f5e87bad3c948f4d605d)
Start importing Assets/POLYGON - FPS free/Prefabs/pickUp_prefabs/equipment/laser_a_prefab.prefab using Guid(4fca3b1f61b89c046b9a9f436f3f4d62) Importer(2089858483,b0f066a214c2f5e87bad3c948f4d605d) (ScriptedImporter) -> (artifact id: '63f694e64a6ae8d5bec9d0317832c4d6') in 0.044375 seconds
Number of updated asset objects reloaded before import = 0Number of asset objects unloaded after import = 12

========================================================================
Received Import Request.
  Time since last request: 0.000023 seconds.
  path: Assets/POLYGON - FPS free/weapon icon/weapon icon lighting/lock.PNG
  artifactKey: Guid(6b66adf71a692e84ebae128cfa1e3b71) Importer(2089858483,b0f066a214c2f5e87bad3c948f4d605d)
Start importing Assets/POLYGON - FPS free/weapon icon/weapon icon lighting/lock.PNG using Guid(6b66adf71a692e84ebae128cfa1e3b71) Importer(2089858483,b0f066a214c2f5e87bad3c948f4d605d) (ScriptedImporter) -> (artifact id: 'bc1ea4e376e5d58d19e4b03ed2bf4aae') in 0.0503683 seconds
Number of updated asset objects reloaded before import = 0Number of asset objects unloaded after import = 3

========================================================================
Received Import Request.
  Time since last request: 0.029934 seconds.
  path: Assets/POLYGON - FPS free/weapons raw/equipment_mats/red_dot_a/red_dot_a.mat
  artifactKey: Guid(2bea408358d160643a39d7956267caff) Importer(2089858483,b0f066a214c2f5e87bad3c948f4d605d)
Start importing Assets/POLYGON - FPS free/weapons raw/equipment_mats/red_dot_a/red_dot_a.mat using Guid(2bea408358d160643a39d7956267caff) Importer(2089858483,b0f066a214c2f5e87bad3c948f4d605d) (ScriptedImporter) -> (artifact id: '084317f72e4ffc9ccc86a1ff577be17e') in 0.0230752 seconds
Number of updated asset objects reloaded before import = 0Number of asset objects unloaded after import = 2

========================================================================
Received Import Request.
  Time since last request: 0.000023 seconds.
  path: Assets/POLYGON - FPS free/map/fbx/texture4.png
  artifactKey: Guid(8dfb5428098375940a3f1ba63f91e1a9) Importer(2089858483,b0f066a214c2f5e87bad3c948f4d605d)
Start importing Assets/POLYGON - FPS free/map/fbx/texture4.png using Guid(8dfb5428098375940a3f1ba63f91e1a9) Importer(2089858483,b0f066a214c2f5e87bad3c948f4d605d) (ScriptedImporter) -> (artifact id: 'fc96ce8867bb8e4e78a4a1e13b185b40') in 0.036464 seconds
Number of updated asset objects reloaded before import = 0Number of asset objects unloaded after import = 3

========================================================================
Received Import Request.
  Time since last request: 0.000029 seconds.
  path: Assets/POLYGON - FPS free/Prefabs/pickUp_prefabs/weapons/Assault57_PREFAB.prefab
  artifactKey: Guid(380a1db463340df4e9ef54d081013263) Importer(2089858483,b0f066a214c2f5e87bad3c948f4d605d)
Start importing Assets/POLYGON - FPS free/Prefabs/pickUp_prefabs/weapons/Assault57_PREFAB.prefab using Guid(380a1db463340df4e9ef54d081013263) Importer(2089858483,b0f066a214c2f5e87bad3c948f4d605d) (ScriptedImporter) -> (artifact id: 'fbce5ccedda20a96d7fda4e1124f39f1') in 0.0457033 seconds
Number of updated asset objects reloaded before import = 0Number of asset objects unloaded after import = 12

========================================================================
Received Import Request.
  Time since last request: 0.000052 seconds.
  path: Assets/POLYGON - FPS free/map/fbx/texture7.mat
  artifactKey: Guid(c5bd14da8aebcf04ea4d3505a38f4dcf) Importer(2089858483,b0f066a214c2f5e87bad3c948f4d605d)
Start importing Assets/POLYGON - FPS free/map/fbx/texture7.mat using Guid(c5bd14da8aebcf04ea4d3505a38f4dcf) Importer(2089858483,b0f066a214c2f5e87bad3c948f4d605d) (ScriptedImporter) -> (artifact id: '3b207460bdb5436b8878b3553f9010e7') in 0.0259383 seconds
Number of updated asset objects reloaded before import = 0Number of asset objects unloaded after import = 2

========================================================================
Received Import Request.
  Time since last request: 0.000025 seconds.
  path: Assets/POLYGON - FPS free/weapons raw/equipment_mats/suppressor_b/Suppressor_b.fbx
  artifactKey: Guid(d2ba1d1fb2b12e54288628f8c0ec8c2c) Importer(2089858483,b0f066a214c2f5e87bad3c948f4d605d)
Start importing Assets/POLYGON - FPS free/weapons raw/equipment_mats/suppressor_b/Suppressor_b.fbx using Guid(d2ba1d1fb2b12e54288628f8c0ec8c2c) Importer(2089858483,b0f066a214c2f5e87bad3c948f4d605d) (ScriptedImporter) -> (artifact id: '2254e4513792393697c2d27067265e0d') in 0.0304688 seconds
Number of updated asset objects reloaded before import = 0Number of asset objects unloaded after import = 8

========================================================================
Received Import Request.
  Time since last request: 0.000026 seconds.
  path: Assets/POLYGON - FPS free/weapons raw/aim_point/aim_point.png
  artifactKey: Guid(ebc8747c689912c4aa74ae10d12b608a) Importer(2089858483,b0f066a214c2f5e87bad3c948f4d605d)
Start importing Assets/POLYGON - FPS free/weapons raw/aim_point/aim_point.png using Guid(ebc8747c689912c4aa74ae10d12b608a) Importer(2089858483,b0f066a214c2f5e87bad3c948f4d605d) (ScriptedImporter) -> (artifact id: 'e62487f411fe89d1ef53a6ea77cc158f') in 0.0344073 seconds
Number of updated asset objects reloaded before import = 0Number of asset objects unloaded after import = 1

========================================================================
Received Import Request.
  Time since last request: 0.000069 seconds.
  path: Assets/POLYGON - FPS free/map/fbx/texture9.png
  artifactKey: Guid(65e489062c6b1be46b87c18da5597fcb) Importer(2089858483,b0f066a214c2f5e87bad3c948f4d605d)
Start importing Assets/POLYGON - FPS free/map/fbx/texture9.png using Guid(65e489062c6b1be46b87c18da5597fcb) Importer(2089858483,b0f066a214c2f5e87bad3c948f4d605d) (ScriptedImporter) -> (artifact id: '960924c9fe1cb5027bd0ea852290c697') in 0.0245704 seconds
Number of updated asset objects reloaded before import = 0Number of asset objects unloaded after import = 1

========================================================================
Received Import Request.
  Time since last request: 0.000086 seconds.
  path: Assets/POLYGON - FPS free/weapons raw/equipment_mats/glass.mat
  artifactKey: Guid(512fe9f65b16e8949b17e85653f33daa) Importer(2089858483,b0f066a214c2f5e87bad3c948f4d605d)
Start importing Assets/POLYGON - FPS free/weapons raw/equipment_mats/glass.mat using Guid(512fe9f65b16e8949b17e85653f33daa) Importer(2089858483,b0f066a214c2f5e87bad3c948f4d605d) (ScriptedImporter) -> (artifact id: '546c06c6f719a6a6ac3ad87ea9e9ed77') in 0.0212799 seconds
Number of updated asset objects reloaded before import = 0Number of asset objects unloaded after import = 1

========================================================================
Received Import Request.
  Time since last request: 0.000097 seconds.
  path: Assets/POLYGON - FPS free/weapons raw/equipment_mats/Scope_a/Materials
  artifactKey: Guid(760cb76ac8a2fa64ca31f4f64f4422fa) Importer(2089858483,b0f066a214c2f5e87bad3c948f4d605d)
Start importing Assets/POLYGON - FPS free/weapons raw/equipment_mats/Scope_a/Materials using Guid(760cb76ac8a2fa64ca31f4f64f4422fa) Importer(2089858483,b0f066a214c2f5e87bad3c948f4d605d) (ScriptedImporter) -> (artifact id: 'a783ddd770daa866c35a5c87c9aab15b') in 0.0606853 seconds
Number of updated asset objects reloaded before import = 0Number of asset objects unloaded after import = 1

========================================================================
Received Import Request.
  Time since last request: 0.000114 seconds.
  path: Assets/POLYGON - FPS free
  artifactKey: Guid(03dffc4fb18b81d43b5139561c412369) Importer(2089858483,b0f066a214c2f5e87bad3c948f4d605d)
Start importing Assets/POLYGON - FPS free using Guid(03dffc4fb18b81d43b5139561c412369) Importer(2089858483,b0f066a214c2f5e87bad3c948f4d605d) (ScriptedImporter) -> (artifact id: '646ae129bb870edb9efe499f83b8d1a8') in 0.0171125 seconds
Number of updated asset objects reloaded before import = 0Number of asset objects unloaded after import = 1

========================================================================
Received Import Request.
  Time since last request: 0.000073 seconds.
  path: Assets/POLYGON - FPS free/index Animations.txt
  artifactKey: Guid(6fd031f3d4bc7d944bacceb29657d45e) Importer(2089858483,b0f066a214c2f5e87bad3c948f4d605d)
Start importing Assets/POLYGON - FPS free/index Animations.txt using Guid(6fd031f3d4bc7d944bacceb29657d45e) Importer(2089858483,b0f066a214c2f5e87bad3c948f4d605d) (ScriptedImporter) -> (artifact id: 'bbe56afab776092643e8215a214399b3') in 0.0358537 seconds
Number of updated asset objects reloaded before import = 0Number of asset objects unloaded after import = 1

========================================================================
Received Import Request.
  Time since last request: 0.000098 seconds.
  path: Assets/POLYGON - FPS free/weapon icon/weapon icon lighting/grenade.PNG
  artifactKey: Guid(1c01c7e415343ab438225bdd0269ce35) Importer(2089858483,b0f066a214c2f5e87bad3c948f4d605d)
Start importing Assets/POLYGON - FPS free/weapon icon/weapon icon lighting/grenade.PNG using Guid(1c01c7e415343ab438225bdd0269ce35) Importer(2089858483,b0f066a214c2f5e87bad3c948f4d605d) (ScriptedImporter) -> (artifact id: '75f122ed26772ae8d4691eb2804e11cb') in 0.0438734 seconds
Number of updated asset objects reloaded before import = 0Number of asset objects unloaded after import = 3

========================================================================
Received Import Request.
  Time since last request: 0.000034 seconds.
  path: Assets/POLYGON - FPS free/weapons raw/Equipment_raw_prefab/laser_a_prefab.prefab
  artifactKey: Guid(751801598d45de1419213eed37b54f72) Importer(2089858483,b0f066a214c2f5e87bad3c948f4d605d)
Start importing Assets/POLYGON - FPS free/weapons raw/Equipment_raw_prefab/laser_a_prefab.prefab using Guid(751801598d45de1419213eed37b54f72) Importer(2089858483,b0f066a214c2f5e87bad3c948f4d605d) (ScriptedImporter) -> (artifact id: 'b91240eeaf5725ad486129547fb7899c') in 0.0618731 seconds
Number of updated asset objects reloaded before import = 0Number of asset objects unloaded after import = 30

========================================================================
Received Import Request.
  Time since last request: 0.000041 seconds.
  path: Assets/POLYGON - FPS free/map/particles/fbx/fire_sheet.png
  artifactKey: Guid(0d9eb27a0d4bba14ca427ca625591888) Importer(2089858483,b0f066a214c2f5e87bad3c948f4d605d)
Start importing Assets/POLYGON - FPS free/map/particles/fbx/fire_sheet.png using Guid(0d9eb27a0d4bba14ca427ca625591888) Importer(2089858483,b0f066a214c2f5e87bad3c948f4d605d) (ScriptedImporter) -> (artifact id: '46f05be2532664eb9dff7bb27dc28f22') in 0.0464082 seconds
Number of updated asset objects reloaded before import = 0Number of asset objects unloaded after import = 1

========================================================================
Received Import Request.
  Time since last request: 0.000088 seconds.
  path: Assets/POLYGON - FPS free/Player_fps_files/animations/Animator/FPS_animator.controller
  artifactKey: Guid(85246055224635041b43a7141d91d121) Importer(2089858483,b0f066a214c2f5e87bad3c948f4d605d)
Start importing Assets/POLYGON - FPS free/Player_fps_files/animations/Animator/FPS_animator.controller using Guid(85246055224635041b43a7141d91d121) Importer(2089858483,b0f066a214c2f5e87bad3c948f4d605d) (ScriptedImporter) -> (artifact id: '813a71bd5648f75f9e56a32a9c23c7c5') in 0.0988881 seconds
Number of updated asset objects reloaded before import = 0Number of asset objects unloaded after import = 184

========================================================================
Received Import Request.
  Time since last request: 0.000055 seconds.
  path: Assets/POLYGON - FPS free/weapons raw/equipment_mats/Scope_c/cam_5.renderTexture
  artifactKey: Guid(c071df7655a4b27439c83e0d5ebdb40f) Importer(2089858483,b0f066a214c2f5e87bad3c948f4d605d)
Start importing Assets/POLYGON - FPS free/weapons raw/equipment_mats/Scope_c/cam_5.renderTexture using Guid(c071df7655a4b27439c83e0d5ebdb40f) Importer(2089858483,b0f066a214c2f5e87bad3c948f4d605d) (ScriptedImporter) -> (artifact id: 'f00a47c6b5cd5116bb159f79d4e2c814') in 0.0257267 seconds
Number of updated asset objects reloaded before import = 0Number of asset objects unloaded after import = 1

========================================================================
Received Import Request.
  Time since last request: 0.000081 seconds.
  path: Assets/POLYGON - FPS free/scripts/timer_destroy.cs
  artifactKey: Guid(e8d8b74bec981af4f81412956fe7ee24) Importer(2089858483,b0f066a214c2f5e87bad3c948f4d605d)
Start importing Assets/POLYGON - FPS free/scripts/timer_destroy.cs using Guid(e8d8b74bec981af4f81412956fe7ee24) Importer(2089858483,b0f066a214c2f5e87bad3c948f4d605d) (ScriptedImporter) -> (artifact id: 'f6fac42e64b1c7683a9298e88b38a9b9') in 0.0233447 seconds
Number of updated asset objects reloaded before import = 0Number of asset objects unloaded after import = 0

========================================================================
Received Import Request.
  Time since last request: 0.000132 seconds.
  path: Assets/POLYGON - FPS free/weapon icon/tarusk.PNG
  artifactKey: Guid(11b3a0eebc9604b45a40ccdfb4190ea4) Importer(2089858483,b0f066a214c2f5e87bad3c948f4d605d)
Start importing Assets/POLYGON - FPS free/weapon icon/tarusk.PNG using Guid(11b3a0eebc9604b45a40ccdfb4190ea4) Importer(2089858483,b0f066a214c2f5e87bad3c948f4d605d) (ScriptedImporter) -> (artifact id: 'fd925fb39bd09d776aa8a2273bb960c5') in 0.0436905 seconds
Number of updated asset objects reloaded before import = 0Number of asset objects unloaded after import = 3

========================================================================
Received Import Request.
  Time since last request: 0.000029 seconds.
  path: Assets/POLYGON - FPS free/weapons raw/Equipment_raw_prefab/laser_prefab.prefab
  artifactKey: Guid(adc90ef99d594d74997dadc83815556e) Importer(2089858483,b0f066a214c2f5e87bad3c948f4d605d)
Start importing Assets/POLYGON - FPS free/weapons raw/Equipment_raw_prefab/laser_prefab.prefab using Guid(adc90ef99d594d74997dadc83815556e) Importer(2089858483,b0f066a214c2f5e87bad3c948f4d605d) (ScriptedImporter) -> (artifact id: '391d2ae6edc100edf000e34eaea85bc5') in 0.1051578 seconds
Number of updated asset objects reloaded before import = 0Number of asset objects unloaded after import = 23

========================================================================
Received Import Request.
  Time since last request: 0.000047 seconds.
  path: Assets/POLYGON - FPS free/scripts/polygon_fps_controller.cs
  artifactKey: Guid(1120563af6de37a488d6c0b06dc17e2f) Importer(2089858483,b0f066a214c2f5e87bad3c948f4d605d)
Start importing Assets/POLYGON - FPS free/scripts/polygon_fps_controller.cs using Guid(1120563af6de37a488d6c0b06dc17e2f) Importer(2089858483,b0f066a214c2f5e87bad3c948f4d605d) (ScriptedImporter) -> (artifact id: '711c7d3fbd907091a42f28ffa05d109b') in 0.0152534 seconds
Number of updated asset objects reloaded before import = 0Number of asset objects unloaded after import = 0

========================================================================
Received Import Request.
  Time since last request: 0.000145 seconds.
  path: Assets/POLYGON - FPS free/weapon icon/pistol9.PNG
  artifactKey: Guid(89a0b1c928a2f074f90747e2b92d9e35) Importer(2089858483,b0f066a214c2f5e87bad3c948f4d605d)
Start importing Assets/POLYGON - FPS free/weapon icon/pistol9.PNG using Guid(89a0b1c928a2f074f90747e2b92d9e35) Importer(2089858483,b0f066a214c2f5e87bad3c948f4d605d) (ScriptedImporter) -> (artifact id: '05c38b68abbb9dd6df067910e5b45a19') in 0.0986879 seconds
Number of updated asset objects reloaded before import = 0Number of asset objects unloaded after import = 3

========================================================================
Received Import Request.
  Time since last request: 0.000025 seconds.
  path: Assets/POLYGON - FPS free/weapon icon/weapon icon lighting/nsp.PNG
  artifactKey: Guid(cf534a716d1b275489324a52a5d09eb9) Importer(2089858483,b0f066a214c2f5e87bad3c948f4d605d)
Start importing Assets/POLYGON - FPS free/weapon icon/weapon icon lighting/nsp.PNG using Guid(cf534a716d1b275489324a52a5d09eb9) Importer(2089858483,b0f066a214c2f5e87bad3c948f4d605d) (ScriptedImporter) -> (artifact id: 'bd2181b0188dcb0761592e104618ea0b') in 0.067484 seconds
Number of updated asset objects reloaded before import = 0Number of asset objects unloaded after import = 3

========================================================================
Received Import Request.
  Time since last request: 0.000035 seconds.
  path: Assets/POLYGON - FPS free/weapons raw/equipment_mats/red_dot_d/red_dot_d.png
  artifactKey: Guid(52556e5603b870e45854f896fb466099) Importer(2089858483,b0f066a214c2f5e87bad3c948f4d605d)
Start importing Assets/POLYGON - FPS free/weapons raw/equipment_mats/red_dot_d/red_dot_d.png using Guid(52556e5603b870e45854f896fb466099) Importer(2089858483,b0f066a214c2f5e87bad3c948f4d605d) (ScriptedImporter) -> (artifact id: '742519815385affa58cb37c674757efb') in 0.0247418 seconds
Number of updated asset objects reloaded before import = 0Number of asset objects unloaded after import = 1

========================================================================
Received Import Request.
  Time since last request: 0.000094 seconds.
  path: Assets/POLYGON - FPS free/Player_fps_files/animations
  artifactKey: Guid(b31e0c80aba2ba748ab3fbfb6f0266cc) Importer(2089858483,b0f066a214c2f5e87bad3c948f4d605d)
Start importing Assets/POLYGON - FPS free/Player_fps_files/animations using Guid(b31e0c80aba2ba748ab3fbfb6f0266cc) Importer(2089858483,b0f066a214c2f5e87bad3c948f4d605d) (ScriptedImporter) -> (artifact id: '804e9547b614ba2602e5e771de5c5eef') in 0.0188632 seconds
Number of updated asset objects reloaded before import = 0Number of asset objects unloaded after import = 1

========================================================================
Received Import Request.
  Time since last request: 0.000161 seconds.
  path: Assets/POLYGON - FPS free/Prefabs/pickUp_prefabs/equipment/suppressor_d_pickUp_prefab.prefab
  artifactKey: Guid(9d5411356e2e4fe478baf5f0afca0d48) Importer(2089858483,b0f066a214c2f5e87bad3c948f4d605d)
Start importing Assets/POLYGON - FPS free/Prefabs/pickUp_prefabs/equipment/suppressor_d_pickUp_prefab.prefab using Guid(9d5411356e2e4fe478baf5f0afca0d48) Importer(2089858483,b0f066a214c2f5e87bad3c948f4d605d) (ScriptedImporter) -> (artifact id: '2a4521f530c017f29074c3030531bfaf') in 0.0385886 seconds
Number of updated asset objects reloaded before import = 0Number of asset objects unloaded after import = 12

========================================================================
Received Import Request.
  Time since last request: 0.000026 seconds.
  path: Assets/POLYGON - FPS free/map/skybox
  artifactKey: Guid(e784cf9aeb543cc419d9dc1a213c3b4d) Importer(2089858483,b0f066a214c2f5e87bad3c948f4d605d)
Start importing Assets/POLYGON - FPS free/map/skybox using Guid(e784cf9aeb543cc419d9dc1a213c3b4d) Importer(2089858483,b0f066a214c2f5e87bad3c948f4d605d) (ScriptedImporter) -> (artifact id: '259e1ddb96bdb58709dbb501344bd526') in 0.0168992 seconds
Number of updated asset objects reloaded before import = 0Number of asset objects unloaded after import = 1

========================================================================
Received Import Request.
  Time since last request: 0.000142 seconds.
  path: Assets/POLYGON - FPS free/Prefabs/pickUp_prefabs/weapons
  artifactKey: Guid(ccab5bb5289d84445bc2550a30deb5cd) Importer(2089858483,b0f066a214c2f5e87bad3c948f4d605d)
Start importing Assets/POLYGON - FPS free/Prefabs/pickUp_prefabs/weapons using Guid(ccab5bb5289d84445bc2550a30deb5cd) Importer(2089858483,b0f066a214c2f5e87bad3c948f4d605d) (ScriptedImporter) -> (artifact id: 'f17b387f89c3f5dcdb4c7cf82f9ce59a') in 0.0164569 seconds
Number of updated asset objects reloaded before import = 0Number of asset objects unloaded after import = 1

========================================================================
Received Import Request.
  Time since last request: 0.000106 seconds.
  path: Assets/POLYGON - FPS free/Prefabs/props/flame.prefab
  artifactKey: Guid(f5826833b5530ad4f9242110221dba30) Importer(2089858483,b0f066a214c2f5e87bad3c948f4d605d)
Start importing Assets/POLYGON - FPS free/Prefabs/props/flame.prefab using Guid(f5826833b5530ad4f9242110221dba30) Importer(2089858483,b0f066a214c2f5e87bad3c948f4d605d) (ScriptedImporter) -> (artifact id: '10c06eedc24aa6ce219663ee37666dda') in 0.0532861 seconds
Number of updated asset objects reloaded before import = 0Number of asset objects unloaded after import = 17

========================================================================
Received Import Request.
  Time since last request: 0.000033 seconds.
  path: Assets/POLYGON - FPS free/weapons raw/equipment_mats/Scope_c/Scope_c.mat
  artifactKey: Guid(50e2b8466076e554d941e909871d779f) Importer(2089858483,b0f066a214c2f5e87bad3c948f4d605d)
Start importing Assets/POLYGON - FPS free/weapons raw/equipment_mats/Scope_c/Scope_c.mat using Guid(50e2b8466076e554d941e909871d779f) Importer(2089858483,b0f066a214c2f5e87bad3c948f4d605d) (ScriptedImporter) -> (artifact id: '33c33ec0f97b8679e2440a29387c5902') in 0.0247753 seconds
Number of updated asset objects reloaded before import = 0Number of asset objects unloaded after import = 2

========================================================================
Received Import Request.
  Time since last request: 0.000059 seconds.
  path: Assets/POLYGON - FPS free/polygon fps sounds/hit sounds/hit metal.wav
  artifactKey: Guid(96d04112ba52cc34abc533bd0d4fde54) Importer(2089858483,b0f066a214c2f5e87bad3c948f4d605d)
Start importing Assets/POLYGON - FPS free/polygon fps sounds/hit sounds/hit metal.wav using Guid(96d04112ba52cc34abc533bd0d4fde54) Importer(2089858483,b0f066a214c2f5e87bad3c948f4d605d) (ScriptedImporter) -> (artifact id: '75b127b8d0179c9ca7c34d056b09547a') in 0.1313308 seconds
Number of updated asset objects reloaded before import = 0Number of asset objects unloaded after import = 1

========================================================================
Received Import Request.
  Time since last request: 0.000048 seconds.
  path: Assets/POLYGON - FPS free/scripts/spawn_blood.cs
  artifactKey: Guid(fd37910033d1a67439a8cb7ae2b90949) Importer(2089858483,b0f066a214c2f5e87bad3c948f4d605d)
Start importing Assets/POLYGON - FPS free/scripts/spawn_blood.cs using Guid(fd37910033d1a67439a8cb7ae2b90949) Importer(2089858483,b0f066a214c2f5e87bad3c948f4d605d) (ScriptedImporter) -> (artifact id: '67626bde766de0313224e7cff8898bdd') in 0.0162707 seconds
Number of updated asset objects reloaded before import = 0Number of asset objects unloaded after import = 0

========================================================================
Received Import Request.
  Time since last request: 0.000159 seconds.
  path: Assets/POLYGON - FPS free/weapons raw/equipment_mats/lamp_laser_b
  artifactKey: Guid(31c881d5b5bf6284192a721c6f572a32) Importer(2089858483,b0f066a214c2f5e87bad3c948f4d605d)
Start importing Assets/POLYGON - FPS free/weapons raw/equipment_mats/lamp_laser_b using Guid(31c881d5b5bf6284192a721c6f572a32) Importer(2089858483,b0f066a214c2f5e87bad3c948f4d605d) (ScriptedImporter) -> (artifact id: '85a1d02110b70046e2ff8c9dfb0b7a23') in 0.0221683 seconds
Number of updated asset objects reloaded before import = 0Number of asset objects unloaded after import = 1

========================================================================
Received Import Request.
  Time since last request: 0.000112 seconds.
  path: Assets/POLYGON - FPS free/weapons raw/equipment_mats/Scope_a/scope_a.mat
  artifactKey: Guid(4987b84911f747041bfd14cbdd90db7f) Importer(2089858483,b0f066a214c2f5e87bad3c948f4d605d)
Start importing Assets/POLYGON - FPS free/weapons raw/equipment_mats/Scope_a/scope_a.mat using Guid(4987b84911f747041bfd14cbdd90db7f) Importer(2089858483,b0f066a214c2f5e87bad3c948f4d605d) (ScriptedImporter) -> (artifact id: '469db35b0c0c1d01e5c2c2e2268b7dea') in 0.0375095 seconds
Number of updated asset objects reloaded before import = 0Number of asset objects unloaded after import = 2

========================================================================
Received Import Request.
  Time since last request: 0.000051 seconds.
  path: Assets/POLYGON - FPS free/weapons raw/Equipment_raw_prefab/red_dot_a_prefab.prefab
  artifactKey: Guid(b9560f0929277e145b600f0082c84b5d) Importer(2089858483,b0f066a214c2f5e87bad3c948f4d605d)
Start importing Assets/POLYGON - FPS free/weapons raw/Equipment_raw_prefab/red_dot_a_prefab.prefab using Guid(b9560f0929277e145b600f0082c84b5d) Importer(2089858483,b0f066a214c2f5e87bad3c948f4d605d) (ScriptedImporter) -> (artifact id: '12ca65b437be2fdf6fc847b13d0c3b58') in 0.0695472 seconds
Number of updated asset objects reloaded before import = 0Number of asset objects unloaded after import = 19

========================================================================
Received Import Request.
  Time since last request: 0.000047 seconds.
  path: Assets/POLYGON - FPS free/weapons raw/equipment_mats/laser_b/laser_b.png
  artifactKey: Guid(5615e5b3c1d4c1740854413f9c869ed8) Importer(2089858483,b0f066a214c2f5e87bad3c948f4d605d)
Start importing Assets/POLYGON - FPS free/weapons raw/equipment_mats/laser_b/laser_b.png using Guid(5615e5b3c1d4c1740854413f9c869ed8) Importer(2089858483,b0f066a214c2f5e87bad3c948f4d605d) (ScriptedImporter) -> (artifact id: '438777b27ffb5b006251244fc791ac6a') in 0.0251226 seconds
Number of updated asset objects reloaded before import = 0Number of asset objects unloaded after import = 1

========================================================================
Received Import Request.
  Time since last request: 0.000150 seconds.
  path: Assets/POLYGON - FPS free/map/particles/explosion
  artifactKey: Guid(6c6b69293a9fee245af0db736d0d6119) Importer(2089858483,b0f066a214c2f5e87bad3c948f4d605d)
Start importing Assets/POLYGON - FPS free/map/particles/explosion using Guid(6c6b69293a9fee245af0db736d0d6119) Importer(2089858483,b0f066a214c2f5e87bad3c948f4d605d) (ScriptedImporter) -> (artifact id: '1db0857e6a1640b96a802cbc1a2977d6') in 0.0146198 seconds
Number of updated asset objects reloaded before import = 0Number of asset objects unloaded after import = 1

========================================================================
Received Import Request.
  Time since last request: 0.000076 seconds.
  path: Assets/POLYGON - FPS free/weapons raw/bullet_shells_fbxTexMat/magnum.fbx
  artifactKey: Guid(0f8c601d4b4307447bd2b586b9da8a98) Importer(2089858483,b0f066a214c2f5e87bad3c948f4d605d)
Start importing Assets/POLYGON - FPS free/weapons raw/bullet_shells_fbxTexMat/magnum.fbx using Guid(0f8c601d4b4307447bd2b586b9da8a98) Importer(2089858483,b0f066a214c2f5e87bad3c948f4d605d) (ScriptedImporter) -> (artifact id: '8c879885ce20e1ef7d61ebd91060363d') in 0.0301204 seconds
Number of updated asset objects reloaded before import = 0Number of asset objects unloaded after import = 9

========================================================================
Received Import Request.
  Time since last request: 0.000046 seconds.
  path: Assets/POLYGON - FPS free/weapons raw/bullet_shells_fbxTexMat/9mm_bullet.png
  artifactKey: Guid(7543ed4b6f20d864a8c15203b56debe3) Importer(2089858483,b0f066a214c2f5e87bad3c948f4d605d)
Start importing Assets/POLYGON - FPS free/weapons raw/bullet_shells_fbxTexMat/9mm_bullet.png using Guid(7543ed4b6f20d864a8c15203b56debe3) Importer(2089858483,b0f066a214c2f5e87bad3c948f4d605d) (ScriptedImporter) -> (artifact id: '7fe7333c6e7c1749efe9e117bd51ccd4') in 0.0236624 seconds
Number of updated asset objects reloaded before import = 0Number of asset objects unloaded after import = 1

========================================================================
Received Import Request.
  Time since last request: 0.000105 seconds.
  path: Assets/POLYGON - FPS free/polygon fps sounds/door_open.wav
  artifactKey: Guid(27505296cf167ba4fad30cc43c5594db) Importer(2089858483,b0f066a214c2f5e87bad3c948f4d605d)
Start importing Assets/POLYGON - FPS free/polygon fps sounds/door_open.wav using Guid(27505296cf167ba4fad30cc43c5594db) Importer(2089858483,b0f066a214c2f5e87bad3c948f4d605d) (ScriptedImporter) -> (artifact id: 'e6f607c234de44f86c20bfc1b8ef487d') in 0.1445201 seconds
Number of updated asset objects reloaded before import = 0Number of asset objects unloaded after import = 1

========================================================================
Received Import Request.
  Time since last request: 0.000051 seconds.
  path: Assets/POLYGON - FPS free/killer bunny/MatTex
  artifactKey: Guid(803418c83828d5c4f83e942492f9a10c) Importer(2089858483,b0f066a214c2f5e87bad3c948f4d605d)
Start importing Assets/POLYGON - FPS free/killer bunny/MatTex using Guid(803418c83828d5c4f83e942492f9a10c) Importer(2089858483,b0f066a214c2f5e87bad3c948f4d605d) (ScriptedImporter) -> (artifact id: 'fb35be3fa17c0910d6e90b5f5a1a534e') in 0.0180082 seconds
Number of updated asset objects reloaded before import = 0Number of asset objects unloaded after import = 1

========================================================================
Received Import Request.
  Time since last request: 0.000204 seconds.
  path: Assets/POLYGON - FPS free/Prefabs/props/prop_sounds/break_wood.wav
  artifactKey: Guid(771fedac3083cba45a80f5b473d8e2e7) Importer(2089858483,b0f066a214c2f5e87bad3c948f4d605d)
Start importing Assets/POLYGON - FPS free/Prefabs/props/prop_sounds/break_wood.wav using Guid(771fedac3083cba45a80f5b473d8e2e7) Importer(2089858483,b0f066a214c2f5e87bad3c948f4d605d) (ScriptedImporter) -> (artifact id: 'cd588f7da9cb743dfb9a61e641120422') in 0.0748352 seconds
Number of updated asset objects reloaded before import = 0Number of asset objects unloaded after import = 1

========================================================================
Received Import Request.
  Time since last request: 0.000071 seconds.
  path: Assets/POLYGON - FPS free/weapon icon/weapon icon lighting/revolver.PNG
  artifactKey: Guid(f58d3db8d4a29c144977167a116dd14d) Importer(2089858483,b0f066a214c2f5e87bad3c948f4d605d)
Start importing Assets/POLYGON - FPS free/weapon icon/weapon icon lighting/revolver.PNG using Guid(f58d3db8d4a29c144977167a116dd14d) Importer(2089858483,b0f066a214c2f5e87bad3c948f4d605d) (ScriptedImporter) -> (artifact id: '6e5cf5c6806c07e1f4c9f8cd73c79e83') in 0.0422683 seconds
Number of updated asset objects reloaded before import = 0Number of asset objects unloaded after import = 3

========================================================================
Received Import Request.
  Time since last request: 0.000037 seconds.
  path: Assets/POLYGON - FPS free/weapons raw/bullet_shells_fbxTexMat/7,62x39.fbx
  artifactKey: Guid(64408d96d26eca94f843bfeb64b5aef4) Importer(2089858483,b0f066a214c2f5e87bad3c948f4d605d)
Start importing Assets/POLYGON - FPS free/weapons raw/bullet_shells_fbxTexMat/7,62x39.fbx using Guid(64408d96d26eca94f843bfeb64b5aef4) Importer(2089858483,b0f066a214c2f5e87bad3c948f4d605d) (ScriptedImporter) -> (artifact id: 'be9b716f95ac86fd9bf00ee32703e805') in 0.0402937 seconds
Number of updated asset objects reloaded before import = 0Number of asset objects unloaded after import = 9

========================================================================
Received Import Request.
  Time since last request: 0.000024 seconds.
  path: Assets/POLYGON - FPS free/weapons raw/equipment_mats/Scope_a/cam_3.renderTexture
  artifactKey: Guid(0452888144d3f344491c7dbb0bf66e34) Importer(2089858483,b0f066a214c2f5e87bad3c948f4d605d)
Start importing Assets/POLYGON - FPS free/weapons raw/equipment_mats/Scope_a/cam_3.renderTexture using Guid(0452888144d3f344491c7dbb0bf66e34) Importer(2089858483,b0f066a214c2f5e87bad3c948f4d605d) (ScriptedImporter) -> (artifact id: 'd6d2d10732833bbba3fcf6c801870ca9') in 0.0616575 seconds
Number of updated asset objects reloaded before import = 0Number of asset objects unloaded after import = 1

========================================================================
Received Prepare
Begin MonoManager ReloadAssembly
[Licensing::Client] Successfully resolved entitlement details
ADTM: Control thread waiting for realtime thread timed out, have to lock...
- Loaded All Assemblies, in  2.301 seconds
Refreshing native plugins compatible for Editor in 1.30 ms, found 3 plugins.
Native extension for WindowsStandalone target not found
Native extension for WebGL target not found
[Package Manager] Failed to launch server process. Reason: Unity was launched with the -noUpm command-line argument
[Package Manager] Unable to send message (not connected to server process).
[Package Manager] Cannot connect to Unity Package Manager local server
ScheduleIndexationOnStartup MainProcess:False IndexOnStartup:True
Mono: successfully reloaded assembly
- Finished resetting the current domain, in  1.275 seconds
Domain Reload Profiling: 3581ms
	BeginReloadAssembly (1422ms)
		ExecutionOrderSort (0ms)
		DisableScriptedObjects (12ms)
		BackupInstance (0ms)
		ReleaseScriptingObjects (0ms)
		CreateAndSetChildDomain (1141ms)
	RebuildCommonClasses (75ms)
	RebuildNativeTypeToScriptingClass (30ms)
	initialDomainReloadingComplete (46ms)
	LoadAllAssembliesAndSetupDomain (733ms)
		LoadAssemblies (568ms)
		RebuildTransferFunctionScriptingTraits (0ms)
		AnalyzeDomain (343ms)
			TypeCache.Refresh (13ms)
				TypeCache.ScanAssembly (0ms)
			BuildScriptInfoCaches (299ms)
			ResolveRequiredComponents (21ms)
	FinalizeReload (1276ms)
		ReleaseScriptCaches (0ms)
		RebuildScriptCaches (0ms)
		SetupLoadedEditorAssemblies (1014ms)
			LogAssemblyErrors (0ms)
			InitializePlatformSupportModulesInManaged (4ms)
			SetLoadedEditorAssemblies (8ms)
			BeforeProcessingInitializeOnLoad (270ms)
			ProcessInitializeOnLoadAttributes (588ms)
			ProcessInitializeOnLoadMethodAttributes (136ms)
			AfterProcessingInitializeOnLoad (8ms)
			EditorAssembliesLoaded (1ms)
		ExecutionOrderSort2 (0ms)
		AwakeInstancesAfterBackupRestoration (15ms)
WARNING: Shader Unsupported: 'Hidden/Universal Render Pipeline/Terrain/Lit (Base Pass)' - All subshaders removed
WARNING: Shader Did you use #pragma only_renderers and omit this platform?
WARNING: Shader If subshaders removal was intentional, you may have forgotten turning Fallback off?
WARNING: Shader Unsupported: 'Hidden/Universal Render Pipeline/Terrain/Lit (Base Pass)' - All subshaders removed
WARNING: Shader Did you use #pragma only_renderers and omit this platform?
WARNING: Shader If subshaders removal was intentional, you may have forgotten turning Fallback off?
WARNING: Shader Unsupported: 'Universal Render Pipeline/Terrain/Lit' - All subshaders removed
WARNING: Shader Did you use #pragma only_renderers and omit this platform?
WARNING: Shader If subshaders removal was intentional, you may have forgotten turning Fallback off?
WARNING: Shader Unsupported: 'Universal Render Pipeline/Terrain/Lit' - All subshaders removed
WARNING: Shader Did you use #pragma only_renderers and omit this platform?
WARNING: Shader If subshaders removal was intentional, you may have forgotten turning Fallback off?
Refreshing native plugins compatible for Editor in 1.49 ms, found 3 plugins.
Preloading 0 native plugins for Editor in 0.00 ms.
Unloading 45 Unused Serialized files (Serialized files now loaded: 0)
Unloading 6270 unused Assets / (6.9 MB). Loaded Objects now: 6915.
Memory consumption went from 145.2 MB to 138.3 MB.
Total: 17.054100 ms (FindLiveObjects: 1.265700 ms CreateObjectMapping: 0.763300 ms MarkObjects: 9.253000 ms  DeleteObjects: 5.770400 ms)

Prepare: number of updated asset objects reloaded= 0
========================================================================
Received Prepare
Begin MonoManager ReloadAssembly
[Licensing::Client] Successfully resolved entitlement details
ADTM: Control thread waiting for realtime thread timed out, have to lock...
- Loaded All Assemblies, in  2.275 seconds
Refreshing native plugins compatible for Editor in 1.17 ms, found 3 plugins.
Native extension for WindowsStandalone target not found
Native extension for WebGL target not found
[Package Manager] Failed to launch server process. Reason: Unity was launched with the -noUpm command-line argument
[Package Manager] Unable to send message (not connected to server process).
[Package Manager] Cannot connect to Unity Package Manager local server
ScheduleIndexationOnStartup MainProcess:False IndexOnStartup:True
Mono: successfully reloaded assembly
- Finished resetting the current domain, in  1.279 seconds
Domain Reload Profiling: 3559ms
	BeginReloadAssembly (1392ms)
		ExecutionOrderSort (0ms)
		DisableScriptedObjects (12ms)
		BackupInstance (0ms)
		ReleaseScriptingObjects (0ms)
		CreateAndSetChildDomain (1116ms)
	RebuildCommonClasses (75ms)
	RebuildNativeTypeToScriptingClass (30ms)
	initialDomainReloadingComplete (46ms)
	LoadAllAssembliesAndSetupDomain (736ms)
		LoadAssemblies (529ms)
		RebuildTransferFunctionScriptingTraits (0ms)
		AnalyzeDomain (384ms)
			TypeCache.Refresh (14ms)
				TypeCache.ScanAssembly (0ms)
			BuildScriptInfoCaches (340ms)
			ResolveRequiredComponents (21ms)
	FinalizeReload (1280ms)
		ReleaseScriptCaches (0ms)
		RebuildScriptCaches (0ms)
		SetupLoadedEditorAssemblies (1024ms)
			LogAssemblyErrors (0ms)
			InitializePlatformSupportModulesInManaged (4ms)
			SetLoadedEditorAssemblies (8ms)
			BeforeProcessingInitializeOnLoad (284ms)
			ProcessInitializeOnLoadAttributes (602ms)
			ProcessInitializeOnLoadMethodAttributes (120ms)
			AfterProcessingInitializeOnLoad (5ms)
			EditorAssembliesLoaded (0ms)
		ExecutionOrderSort2 (0ms)
		AwakeInstancesAfterBackupRestoration (14ms)
WARNING: Shader Unsupported: 'Hidden/Universal Render Pipeline/Terrain/Lit (Base Pass)' - All subshaders removed
WARNING: Shader Did you use #pragma only_renderers and omit this platform?
WARNING: Shader If subshaders removal was intentional, you may have forgotten turning Fallback off?
WARNING: Shader Unsupported: 'Hidden/Universal Render Pipeline/Terrain/Lit (Base Pass)' - All subshaders removed
WARNING: Shader Did you use #pragma only_renderers and omit this platform?
WARNING: Shader If subshaders removal was intentional, you may have forgotten turning Fallback off?
WARNING: Shader Unsupported: 'Universal Render Pipeline/Terrain/Lit' - All subshaders removed
WARNING: Shader Did you use #pragma only_renderers and omit this platform?
WARNING: Shader If subshaders removal was intentional, you may have forgotten turning Fallback off?
WARNING: Shader Unsupported: 'Universal Render Pipeline/Terrain/Lit' - All subshaders removed
WARNING: Shader Did you use #pragma only_renderers and omit this platform?
WARNING: Shader If subshaders removal was intentional, you may have forgotten turning Fallback off?
Refreshing native plugins compatible for Editor in 1.27 ms, found 3 plugins.
Preloading 0 native plugins for Editor in 0.00 ms.
Unloading 45 Unused Serialized files (Serialized files now loaded: 0)
Unloading 6269 unused Assets / (6.6 MB). Loaded Objects now: 6918.
Memory consumption went from 145.3 MB to 138.6 MB.
Total: 15.164000 ms (FindLiveObjects: 1.117200 ms CreateObjectMapping: 0.730400 ms MarkObjects: 8.594300 ms  DeleteObjects: 4.721000 ms)

Prepare: number of updated asset objects reloaded= 0
========================================================================
Received Prepare
WARNING: Shader Unsupported: 'Hidden/Universal Render Pipeline/Terrain/Lit (Base Pass)' - All subshaders removed
WARNING: Shader Did you use #pragma only_renderers and omit this platform?
WARNING: Shader If subshaders removal was intentional, you may have forgotten turning Fallback off?
WARNING: Shader Unsupported: 'Hidden/Universal Render Pipeline/Terrain/Lit (Base Pass)' - All subshaders removed
WARNING: Shader Did you use #pragma only_renderers and omit this platform?
WARNING: Shader If subshaders removal was intentional, you may have forgotten turning Fallback off?
WARNING: Shader Unsupported: 'Universal Render Pipeline/Terrain/Lit' - All subshaders removed
WARNING: Shader Did you use #pragma only_renderers and omit this platform?
WARNING: Shader If subshaders removal was intentional, you may have forgotten turning Fallback off?
WARNING: Shader Unsupported: 'Universal Render Pipeline/Terrain/Lit' - All subshaders removed
WARNING: Shader Did you use #pragma only_renderers and omit this platform?
WARNING: Shader If subshaders removal was intentional, you may have forgotten turning Fallback off?
Refreshing native plugins compatible for Editor in 1.29 ms, found 3 plugins.
Preloading 0 native plugins for Editor in 0.00 ms.
Unloading 45 Unused Serialized files (Serialized files now loaded: 0)
Unloading 6240 unused Assets / (6.8 MB). Loaded Objects now: 6895.
Memory consumption went from 144.6 MB to 137.7 MB.
Total: 15.509500 ms (FindLiveObjects: 1.030100 ms CreateObjectMapping: 0.711400 ms MarkObjects: 8.219500 ms  DeleteObjects: 5.546700 ms)

Prepare: number of updated asset objects reloaded= 0
========================================================================
Received Prepare
Begin MonoManager ReloadAssembly
ADTM: Control thread waiting for realtime thread timed out, have to lock...
- Loaded All Assemblies, in  2.228 seconds
Refreshing native plugins compatible for Editor in 1.18 ms, found 3 plugins.
Native extension for WindowsStandalone target not found
Native extension for WebGL target not found
[Package Manager] Failed to launch server process. Reason: Unity was launched with the -noUpm command-line argument
[Package Manager] Unable to send message (not connected to server process).
[Package Manager] Cannot connect to Unity Package Manager local server
ScheduleIndexationOnStartup MainProcess:False IndexOnStartup:True
Mono: successfully reloaded assembly
- Finished resetting the current domain, in  1.294 seconds
Domain Reload Profiling: 3528ms
	BeginReloadAssembly (1363ms)
		ExecutionOrderSort (0ms)
		DisableScriptedObjects (11ms)
		BackupInstance (0ms)
		ReleaseScriptingObjects (0ms)
		CreateAndSetChildDomain (1105ms)
	RebuildCommonClasses (82ms)
	RebuildNativeTypeToScriptingClass (32ms)
	initialDomainReloadingComplete (46ms)
	LoadAllAssembliesAndSetupDomain (710ms)
		LoadAssemblies (520ms)
		RebuildTransferFunctionScriptingTraits (0ms)
		AnalyzeDomain (359ms)
			TypeCache.Refresh (18ms)
				TypeCache.ScanAssembly (0ms)
			BuildScriptInfoCaches (305ms)
			ResolveRequiredComponents (24ms)
	FinalizeReload (1295ms)
		ReleaseScriptCaches (0ms)
		RebuildScriptCaches (0ms)
		SetupLoadedEditorAssemblies (1053ms)
			LogAssemblyErrors (0ms)
			InitializePlatformSupportModulesInManaged (4ms)
			SetLoadedEditorAssemblies (8ms)
			BeforeProcessingInitializeOnLoad (282ms)
			ProcessInitializeOnLoadAttributes (630ms)
			ProcessInitializeOnLoadMethodAttributes (123ms)
			AfterProcessingInitializeOnLoad (6ms)
			EditorAssembliesLoaded (1ms)
		ExecutionOrderSort2 (0ms)
		AwakeInstancesAfterBackupRestoration (14ms)
WARNING: Shader Unsupported: 'Hidden/Universal Render Pipeline/Terrain/Lit (Base Pass)' - All subshaders removed
WARNING: Shader Did you use #pragma only_renderers and omit this platform?
WARNING: Shader If subshaders removal was intentional, you may have forgotten turning Fallback off?
WARNING: Shader Unsupported: 'Hidden/Universal Render Pipeline/Terrain/Lit (Base Pass)' - All subshaders removed
WARNING: Shader Did you use #pragma only_renderers and omit this platform?
WARNING: Shader If subshaders removal was intentional, you may have forgotten turning Fallback off?
WARNING: Shader Unsupported: 'Universal Render Pipeline/Terrain/Lit' - All subshaders removed
WARNING: Shader Did you use #pragma only_renderers and omit this platform?
WARNING: Shader If subshaders removal was intentional, you may have forgotten turning Fallback off?
WARNING: Shader Unsupported: 'Universal Render Pipeline/Terrain/Lit' - All subshaders removed
WARNING: Shader Did you use #pragma only_renderers and omit this platform?
WARNING: Shader If subshaders removal was intentional, you may have forgotten turning Fallback off?
Refreshing native plugins compatible for Editor in 1.38 ms, found 3 plugins.
Preloading 0 native plugins for Editor in 0.00 ms.
Unloading 45 Unused Serialized files (Serialized files now loaded: 0)
Unloading 6246 unused Assets / (5.5 MB). Loaded Objects now: 6898.
Memory consumption went from 146.3 MB to 140.8 MB.
Total: 16.152000 ms (FindLiveObjects: 1.637100 ms CreateObjectMapping: 1.337000 ms MarkObjects: 8.870800 ms  DeleteObjects: 4.305100 ms)

Prepare: number of updated asset objects reloaded= 0
========================================================================
Received Import Request.
  Time since last request: 761.616160 seconds.
  path: Assets/Resources/PerformanceTestRunInfo.json
  artifactKey: Guid(1f03221cf3d8b424f886e08d56046d91) Importer(2089858483,b0f066a214c2f5e87bad3c948f4d605d)
Start importing Assets/Resources/PerformanceTestRunInfo.json using Guid(1f03221cf3d8b424f886e08d56046d91) Importer(2089858483,b0f066a214c2f5e87bad3c948f4d605d) (ScriptedImporter) -> (artifact id: '856d09529bd964068413f9836111aef6') in 0.1083938 seconds
Number of updated asset objects reloaded before import = 0Number of asset objects unloaded after import = 1

========================================================================
Received Prepare
WARNING: Shader Unsupported: 'Hidden/Universal Render Pipeline/Terrain/Lit (Base Pass)' - All subshaders removed
WARNING: Shader Did you use #pragma only_renderers and omit this platform?
WARNING: Shader If subshaders removal was intentional, you may have forgotten turning Fallback off?
WARNING: Shader Unsupported: 'Hidden/Universal Render Pipeline/Terrain/Lit (Base Pass)' - All subshaders removed
WARNING: Shader Did you use #pragma only_renderers and omit this platform?
WARNING: Shader If subshaders removal was intentional, you may have forgotten turning Fallback off?
WARNING: Shader Unsupported: 'Universal Render Pipeline/Terrain/Lit' - All subshaders removed
WARNING: Shader Did you use #pragma only_renderers and omit this platform?
WARNING: Shader If subshaders removal was intentional, you may have forgotten turning Fallback off?
WARNING: Shader Unsupported: 'Universal Render Pipeline/Terrain/Lit' - All subshaders removed
WARNING: Shader Did you use #pragma only_renderers and omit this platform?
WARNING: Shader If subshaders removal was intentional, you may have forgotten turning Fallback off?
Refreshing native plugins compatible for Editor in 1.64 ms, found 3 plugins.
Preloading 0 native plugins for Editor in 0.00 ms.
Unloading 45 Unused Serialized files (Serialized files now loaded: 0)
Unloading 6241 unused Assets / (6.4 MB). Loaded Objects now: 6899.
Memory consumption went from 146.5 MB to 140.1 MB.
Total: 16.641800 ms (FindLiveObjects: 1.175700 ms CreateObjectMapping: 0.816100 ms MarkObjects: 9.779500 ms  DeleteObjects: 4.869100 ms)

Prepare: number of updated asset objects reloaded= 0
========================================================================
Received Import Request.
  Time since last request: 10.769141 seconds.
  path: Assets/scripts/CameraControl.cs
  artifactKey: Guid(3e783ca99b45e674da125d6ad1c2f054) Importer(815301076,1909f56bfc062723c751e8b465ee728b)
Start importing Assets/scripts/CameraControl.cs using Guid(3e783ca99b45e674da125d6ad1c2f054) Importer(815301076,1909f56bfc062723c751e8b465ee728b) (PreviewImporter) -> (artifact id: '7064af6ee901784811ff4ad3de64ade4') in 0.0009989 seconds
Number of updated asset objects reloaded before import = 0Number of asset objects unloaded after import = 0

========================================================================
Received Prepare
Begin MonoManager ReloadAssembly
[Licensing::Client] Successfully resolved entitlement details
ADTM: Control thread waiting for realtime thread timed out, have to lock...
- Loaded All Assemblies, in  2.232 seconds
Refreshing native plugins compatible for Editor in 1.16 ms, found 3 plugins.
Native extension for WindowsStandalone target not found
Native extension for WebGL target not found
[Package Manager] Failed to launch server process. Reason: Unity was launched with the -noUpm command-line argument
[Package Manager] Unable to send message (not connected to server process).
[Package Manager] Cannot connect to Unity Package Manager local server
ScheduleIndexationOnStartup MainProcess:False IndexOnStartup:True
Mono: successfully reloaded assembly
- Finished resetting the current domain, in  1.198 seconds
Domain Reload Profiling: 3435ms
	BeginReloadAssembly (1385ms)
		ExecutionOrderSort (0ms)
		DisableScriptedObjects (11ms)
		BackupInstance (0ms)
		ReleaseScriptingObjects (0ms)
		CreateAndSetChildDomain (1105ms)
	RebuildCommonClasses (72ms)
	RebuildNativeTypeToScriptingClass (28ms)
	initialDomainReloadingComplete (47ms)
	LoadAllAssembliesAndSetupDomain (704ms)
		LoadAssemblies (519ms)
		RebuildTransferFunctionScriptingTraits (0ms)
		AnalyzeDomain (365ms)
			TypeCache.Refresh (18ms)
				TypeCache.ScanAssembly (0ms)
			BuildScriptInfoCaches (318ms)
			ResolveRequiredComponents (20ms)
	FinalizeReload (1199ms)
		ReleaseScriptCaches (0ms)
		RebuildScriptCaches (0ms)
		SetupLoadedEditorAssemblies (957ms)
			LogAssemblyErrors (0ms)
			InitializePlatformSupportModulesInManaged (4ms)
			SetLoadedEditorAssemblies (7ms)
			BeforeProcessingInitializeOnLoad (257ms)
			ProcessInitializeOnLoadAttributes (566ms)
			ProcessInitializeOnLoadMethodAttributes (117ms)
			AfterProcessingInitializeOnLoad (5ms)
			EditorAssembliesLoaded (0ms)
		ExecutionOrderSort2 (0ms)
		AwakeInstancesAfterBackupRestoration (13ms)
WARNING: Shader Unsupported: 'Hidden/Universal Render Pipeline/Terrain/Lit (Base Pass)' - All subshaders removed
WARNING: Shader Did you use #pragma only_renderers and omit this platform?
WARNING: Shader If subshaders removal was intentional, you may have forgotten turning Fallback off?
WARNING: Shader Unsupported: 'Hidden/Universal Render Pipeline/Terrain/Lit (Base Pass)' - All subshaders removed
WARNING: Shader Did you use #pragma only_renderers and omit this platform?
WARNING: Shader If subshaders removal was intentional, you may have forgotten turning Fallback off?
WARNING: Shader Unsupported: 'Universal Render Pipeline/Terrain/Lit' - All subshaders removed
WARNING: Shader Did you use #pragma only_renderers and omit this platform?
WARNING: Shader If subshaders removal was intentional, you may have forgotten turning Fallback off?
WARNING: Shader Unsupported: 'Universal Render Pipeline/Terrain/Lit' - All subshaders removed
WARNING: Shader Did you use #pragma only_renderers and omit this platform?
WARNING: Shader If subshaders removal was intentional, you may have forgotten turning Fallback off?
Refreshing native plugins compatible for Editor in 1.38 ms, found 3 plugins.
Preloading 0 native plugins for Editor in 0.00 ms.
Unloading 45 Unused Serialized files (Serialized files now loaded: 0)
Unloading 6247 unused Assets / (6.8 MB). Loaded Objects now: 6902.
Memory consumption went from 146.4 MB to 139.6 MB.
Total: 15.856000 ms (FindLiveObjects: 1.298200 ms CreateObjectMapping: 0.736400 ms MarkObjects: 8.661500 ms  DeleteObjects: 5.158500 ms)

Prepare: number of updated asset objects reloaded= 0
========================================================================
Received Prepare
WARNING: Shader Unsupported: 'Hidden/Universal Render Pipeline/Terrain/Lit (Base Pass)' - All subshaders removed
WARNING: Shader Did you use #pragma only_renderers and omit this platform?
WARNING: Shader If subshaders removal was intentional, you may have forgotten turning Fallback off?
WARNING: Shader Unsupported: 'Hidden/Universal Render Pipeline/Terrain/Lit (Base Pass)' - All subshaders removed
WARNING: Shader Did you use #pragma only_renderers and omit this platform?
WARNING: Shader If subshaders removal was intentional, you may have forgotten turning Fallback off?
WARNING: Shader Unsupported: 'Universal Render Pipeline/Terrain/Lit' - All subshaders removed
WARNING: Shader Did you use #pragma only_renderers and omit this platform?
WARNING: Shader If subshaders removal was intentional, you may have forgotten turning Fallback off?
WARNING: Shader Unsupported: 'Universal Render Pipeline/Terrain/Lit' - All subshaders removed
WARNING: Shader Did you use #pragma only_renderers and omit this platform?
WARNING: Shader If subshaders removal was intentional, you may have forgotten turning Fallback off?
Refreshing native plugins compatible for Editor in 1.39 ms, found 3 plugins.
Preloading 0 native plugins for Editor in 0.00 ms.
Unloading 45 Unused Serialized files (Serialized files now loaded: 0)
Unloading 6241 unused Assets / (6.5 MB). Loaded Objects now: 6902.
Memory consumption went from 146.5 MB to 140.0 MB.
Total: 18.497000 ms (FindLiveObjects: 1.269000 ms CreateObjectMapping: 0.873500 ms MarkObjects: 11.470100 ms  DeleteObjects: 4.882600 ms)

Prepare: number of updated asset objects reloaded= 0
========================================================================
Received Prepare
Begin MonoManager ReloadAssembly
[Licensing::Client] Successfully resolved entitlement details
ADTM: Control thread waiting for realtime thread timed out, have to lock...
- Loaded All Assemblies, in  2.254 seconds
Refreshing native plugins compatible for Editor in 1.36 ms, found 3 plugins.
Native extension for WindowsStandalone target not found
Native extension for WebGL target not found
[Package Manager] Failed to launch server process. Reason: Unity was launched with the -noUpm command-line argument
[Package Manager] Unable to send message (not connected to server process).
[Package Manager] Cannot connect to Unity Package Manager local server
ScheduleIndexationOnStartup MainProcess:False IndexOnStartup:True
Mono: successfully reloaded assembly
- Finished resetting the current domain, in  1.235 seconds
Domain Reload Profiling: 3493ms
	BeginReloadAssembly (1406ms)
		ExecutionOrderSort (0ms)
		DisableScriptedObjects (12ms)
		BackupInstance (0ms)
		ReleaseScriptingObjects (0ms)
		CreateAndSetChildDomain (1110ms)
	RebuildCommonClasses (78ms)
	RebuildNativeTypeToScriptingClass (29ms)
	initialDomainReloadingComplete (48ms)
	LoadAllAssembliesAndSetupDomain (697ms)
		LoadAssemblies (528ms)
		RebuildTransferFunctionScriptingTraits (0ms)
		AnalyzeDomain (351ms)
			TypeCache.Refresh (19ms)
				TypeCache.ScanAssembly (0ms)
			BuildScriptInfoCaches (303ms)
			ResolveRequiredComponents (20ms)
	FinalizeReload (1236ms)
		ReleaseScriptCaches (0ms)
		RebuildScriptCaches (0ms)
		SetupLoadedEditorAssemblies (996ms)
			LogAssemblyErrors (0ms)
			InitializePlatformSupportModulesInManaged (4ms)
			SetLoadedEditorAssemblies (8ms)
			BeforeProcessingInitializeOnLoad (280ms)
			ProcessInitializeOnLoadAttributes (589ms)
			ProcessInitializeOnLoadMethodAttributes (110ms)
			AfterProcessingInitializeOnLoad (5ms)
			EditorAssembliesLoaded (0ms)
		ExecutionOrderSort2 (0ms)
		AwakeInstancesAfterBackupRestoration (12ms)
WARNING: Shader Unsupported: 'Hidden/Universal Render Pipeline/Terrain/Lit (Base Pass)' - All subshaders removed
WARNING: Shader Did you use #pragma only_renderers and omit this platform?
WARNING: Shader If subshaders removal was intentional, you may have forgotten turning Fallback off?
WARNING: Shader Unsupported: 'Hidden/Universal Render Pipeline/Terrain/Lit (Base Pass)' - All subshaders removed
WARNING: Shader Did you use #pragma only_renderers and omit this platform?
WARNING: Shader If subshaders removal was intentional, you may have forgotten turning Fallback off?
WARNING: Shader Unsupported: 'Universal Render Pipeline/Terrain/Lit' - All subshaders removed
WARNING: Shader Did you use #pragma only_renderers and omit this platform?
WARNING: Shader If subshaders removal was intentional, you may have forgotten turning Fallback off?
WARNING: Shader Unsupported: 'Universal Render Pipeline/Terrain/Lit' - All subshaders removed
WARNING: Shader Did you use #pragma only_renderers and omit this platform?
WARNING: Shader If subshaders removal was intentional, you may have forgotten turning Fallback off?
Refreshing native plugins compatible for Editor in 1.38 ms, found 3 plugins.
Preloading 0 native plugins for Editor in 0.00 ms.
Unloading 45 Unused Serialized files (Serialized files now loaded: 0)
Unloading 6247 unused Assets / (5.6 MB). Loaded Objects now: 6905.
Memory consumption went from 150.1 MB to 144.5 MB.
Total: 16.506600 ms (FindLiveObjects: 1.681500 ms CreateObjectMapping: 1.415700 ms MarkObjects: 8.802400 ms  DeleteObjects: 4.605000 ms)

Prepare: number of updated asset objects reloaded= 0
========================================================================
Received Prepare
WARNING: Shader Unsupported: 'Hidden/Universal Render Pipeline/Terrain/Lit (Base Pass)' - All subshaders removed
WARNING: Shader Did you use #pragma only_renderers and omit this platform?
WARNING: Shader If subshaders removal was intentional, you may have forgotten turning Fallback off?
WARNING: Shader Unsupported: 'Hidden/Universal Render Pipeline/Terrain/Lit (Base Pass)' - All subshaders removed
WARNING: Shader Did you use #pragma only_renderers and omit this platform?
WARNING: Shader If subshaders removal was intentional, you may have forgotten turning Fallback off?
WARNING: Shader Unsupported: 'Universal Render Pipeline/Terrain/Lit' - All subshaders removed
WARNING: Shader Did you use #pragma only_renderers and omit this platform?
WARNING: Shader If subshaders removal was intentional, you may have forgotten turning Fallback off?
WARNING: Shader Unsupported: 'Universal Render Pipeline/Terrain/Lit' - All subshaders removed
WARNING: Shader Did you use #pragma only_renderers and omit this platform?
WARNING: Shader If subshaders removal was intentional, you may have forgotten turning Fallback off?
Refreshing native plugins compatible for Editor in 1.27 ms, found 3 plugins.
Preloading 0 native plugins for Editor in 0.00 ms.
Unloading 45 Unused Serialized files (Serialized files now loaded: 0)
Unloading 6241 unused Assets / (5.5 MB). Loaded Objects now: 6905.
Memory consumption went from 150.3 MB to 144.8 MB.
Total: 17.463100 ms (FindLiveObjects: 1.666300 ms CreateObjectMapping: 1.299000 ms MarkObjects: 10.032500 ms  DeleteObjects: 4.463000 ms)

Prepare: number of updated asset objects reloaded= 0
========================================================================
Received Import Request.
  Time since last request: 339.122908 seconds.
  path: Assets/scripts/CameraControl.cs
  artifactKey: Guid(3e783ca99b45e674da125d6ad1c2f054) Importer(815301076,1909f56bfc062723c751e8b465ee728b)
Start importing Assets/scripts/CameraControl.cs using Guid(3e783ca99b45e674da125d6ad1c2f054) Importer(815301076,1909f56bfc062723c751e8b465ee728b) (PreviewImporter) -> (artifact id: 'df1bba01f1948b3f365d5508fff43fad') in 0.0033131 seconds
Number of updated asset objects reloaded before import = 0Number of asset objects unloaded after import = 0

========================================================================
Received Prepare
Begin MonoManager ReloadAssembly
[Licensing::Client] Successfully resolved entitlement details
ADTM: Control thread waiting for realtime thread timed out, have to lock...
- Loaded All Assemblies, in  2.299 seconds
Refreshing native plugins compatible for Editor in 1.23 ms, found 3 plugins.
Native extension for WindowsStandalone target not found
Native extension for WebGL target not found
[Package Manager] Failed to launch server process. Reason: Unity was launched with the -noUpm command-line argument
[Package Manager] Unable to send message (not connected to server process).
[Package Manager] Cannot connect to Unity Package Manager local server
ScheduleIndexationOnStartup MainProcess:False IndexOnStartup:True
Mono: successfully reloaded assembly
- Finished resetting the current domain, in  1.307 seconds
Domain Reload Profiling: 3613ms
	BeginReloadAssembly (1367ms)
		ExecutionOrderSort (0ms)
		DisableScriptedObjects (10ms)
		BackupInstance (0ms)
		ReleaseScriptingObjects (0ms)
		CreateAndSetChildDomain (1103ms)
	RebuildCommonClasses (81ms)
	RebuildNativeTypeToScriptingClass (34ms)
	initialDomainReloadingComplete (59ms)
	LoadAllAssembliesAndSetupDomain (764ms)
		LoadAssemblies (549ms)
		RebuildTransferFunctionScriptingTraits (0ms)
		AnalyzeDomain (382ms)
			TypeCache.Refresh (19ms)
				TypeCache.ScanAssembly (0ms)
			BuildScriptInfoCaches (333ms)
			ResolveRequiredComponents (20ms)
	FinalizeReload (1307ms)
		ReleaseScriptCaches (0ms)
		RebuildScriptCaches (0ms)
		SetupLoadedEditorAssemblies (1047ms)
			LogAssemblyErrors (0ms)
			InitializePlatformSupportModulesInManaged (5ms)
			SetLoadedEditorAssemblies (11ms)
			BeforeProcessingInitializeOnLoad (283ms)
			ProcessInitializeOnLoadAttributes (610ms)
			ProcessInitializeOnLoadMethodAttributes (129ms)
			AfterProcessingInitializeOnLoad (8ms)
			EditorAssembliesLoaded (1ms)
		ExecutionOrderSort2 (0ms)
		AwakeInstancesAfterBackupRestoration (15ms)
WARNING: Shader Unsupported: 'Hidden/Universal Render Pipeline/Terrain/Lit (Base Pass)' - All subshaders removed
WARNING: Shader Did you use #pragma only_renderers and omit this platform?
WARNING: Shader If subshaders removal was intentional, you may have forgotten turning Fallback off?
WARNING: Shader Unsupported: 'Hidden/Universal Render Pipeline/Terrain/Lit (Base Pass)' - All subshaders removed
WARNING: Shader Did you use #pragma only_renderers and omit this platform?
WARNING: Shader If subshaders removal was intentional, you may have forgotten turning Fallback off?
WARNING: Shader Unsupported: 'Universal Render Pipeline/Terrain/Lit' - All subshaders removed
WARNING: Shader Did you use #pragma only_renderers and omit this platform?
WARNING: Shader If subshaders removal was intentional, you may have forgotten turning Fallback off?
WARNING: Shader Unsupported: 'Universal Render Pipeline/Terrain/Lit' - All subshaders removed
WARNING: Shader Did you use #pragma only_renderers and omit this platform?
WARNING: Shader If subshaders removal was intentional, you may have forgotten turning Fallback off?
Refreshing native plugins compatible for Editor in 1.33 ms, found 3 plugins.
Preloading 0 native plugins for Editor in 0.00 ms.
Unloading 45 Unused Serialized files (Serialized files now loaded: 0)
Unloading 6247 unused Assets / (6.5 MB). Loaded Objects now: 6908.
Memory consumption went from 150.2 MB to 143.7 MB.
Total: 14.775300 ms (FindLiveObjects: 1.061600 ms CreateObjectMapping: 0.737500 ms MarkObjects: 8.357400 ms  DeleteObjects: 4.617300 ms)

Prepare: number of updated asset objects reloaded= 0
========================================================================
Received Prepare
WARNING: Shader Unsupported: 'Hidden/Universal Render Pipeline/Terrain/Lit (Base Pass)' - All subshaders removed
WARNING: Shader Did you use #pragma only_renderers and omit this platform?
WARNING: Shader If subshaders removal was intentional, you may have forgotten turning Fallback off?
WARNING: Shader Unsupported: 'Hidden/Universal Render Pipeline/Terrain/Lit (Base Pass)' - All subshaders removed
WARNING: Shader Did you use #pragma only_renderers and omit this platform?
WARNING: Shader If subshaders removal was intentional, you may have forgotten turning Fallback off?
WARNING: Shader Unsupported: 'Universal Render Pipeline/Terrain/Lit' - All subshaders removed
WARNING: Shader Did you use #pragma only_renderers and omit this platform?
WARNING: Shader If subshaders removal was intentional, you may have forgotten turning Fallback off?
WARNING: Shader Unsupported: 'Universal Render Pipeline/Terrain/Lit' - All subshaders removed
WARNING: Shader Did you use #pragma only_renderers and omit this platform?
WARNING: Shader If subshaders removal was intentional, you may have forgotten turning Fallback off?
Refreshing native plugins compatible for Editor in 1.29 ms, found 3 plugins.
Preloading 0 native plugins for Editor in 0.00 ms.
Unloading 45 Unused Serialized files (Serialized files now loaded: 0)
Unloading 6241 unused Assets / (6.6 MB). Loaded Objects now: 6908.
Memory consumption went from 150.3 MB to 143.8 MB.
Total: 18.662600 ms (FindLiveObjects: 1.034900 ms CreateObjectMapping: 0.738500 ms MarkObjects: 11.924000 ms  DeleteObjects: 4.963300 ms)

Prepare: number of updated asset objects reloaded= 0
========================================================================
Received Prepare
Begin MonoManager ReloadAssembly
[Licensing::Client] Successfully resolved entitlement details
ADTM: Control thread waiting for realtime thread timed out, have to lock...
- Loaded All Assemblies, in  2.284 seconds
Refreshing native plugins compatible for Editor in 1.16 ms, found 3 plugins.
Native extension for WindowsStandalone target not found
Native extension for WebGL target not found
[Package Manager] Failed to launch server process. Reason: Unity was launched with the -noUpm command-line argument
[Package Manager] Unable to send message (not connected to server process).
[Package Manager] Cannot connect to Unity Package Manager local server
ScheduleIndexationOnStartup MainProcess:False IndexOnStartup:True
Mono: successfully reloaded assembly
- Finished resetting the current domain, in  1.308 seconds
Domain Reload Profiling: 3596ms
	BeginReloadAssembly (1381ms)
		ExecutionOrderSort (0ms)
		DisableScriptedObjects (10ms)
		BackupInstance (0ms)
		ReleaseScriptingObjects (0ms)
		CreateAndSetChildDomain (1103ms)
	RebuildCommonClasses (80ms)
	RebuildNativeTypeToScriptingClass (32ms)
	initialDomainReloadingComplete (49ms)
	LoadAllAssembliesAndSetupDomain (746ms)
		LoadAssemblies (556ms)
		RebuildTransferFunctionScriptingTraits (0ms)
		AnalyzeDomain (378ms)
			TypeCache.Refresh (19ms)
				TypeCache.ScanAssembly (0ms)
			BuildScriptInfoCaches (327ms)
			ResolveRequiredComponents (22ms)
	FinalizeReload (1309ms)
		ReleaseScriptCaches (0ms)
		RebuildScriptCaches (0ms)
		SetupLoadedEditorAssemblies (1072ms)
			LogAssemblyErrors (0ms)
			InitializePlatformSupportModulesInManaged (4ms)
			SetLoadedEditorAssemblies (9ms)
			BeforeProcessingInitializeOnLoad (286ms)
			ProcessInitializeOnLoadAttributes (643ms)
			ProcessInitializeOnLoadMethodAttributes (124ms)
			AfterProcessingInitializeOnLoad (5ms)
			EditorAssembliesLoaded (0ms)
		ExecutionOrderSort2 (0ms)
		AwakeInstancesAfterBackupRestoration (12ms)
WARNING: Shader Unsupported: 'Hidden/Universal Render Pipeline/Terrain/Lit (Base Pass)' - All subshaders removed
WARNING: Shader Did you use #pragma only_renderers and omit this platform?
WARNING: Shader If subshaders removal was intentional, you may have forgotten turning Fallback off?
WARNING: Shader Unsupported: 'Hidden/Universal Render Pipeline/Terrain/Lit (Base Pass)' - All subshaders removed
WARNING: Shader Did you use #pragma only_renderers and omit this platform?
WARNING: Shader If subshaders removal was intentional, you may have forgotten turning Fallback off?
WARNING: Shader Unsupported: 'Universal Render Pipeline/Terrain/Lit' - All subshaders removed
WARNING: Shader Did you use #pragma only_renderers and omit this platform?
WARNING: Shader If subshaders removal was intentional, you may have forgotten turning Fallback off?
WARNING: Shader Unsupported: 'Universal Render Pipeline/Terrain/Lit' - All subshaders removed
WARNING: Shader Did you use #pragma only_renderers and omit this platform?
WARNING: Shader If subshaders removal was intentional, you may have forgotten turning Fallback off?
Refreshing native plugins compatible for Editor in 1.27 ms, found 3 plugins.
Preloading 0 native plugins for Editor in 0.00 ms.
Unloading 45 Unused Serialized files (Serialized files now loaded: 0)
Unloading 6247 unused Assets / (6.6 MB). Loaded Objects now: 6911.
Memory consumption went from 150.2 MB to 143.6 MB.
Total: 15.795200 ms (FindLiveObjects: 1.167100 ms CreateObjectMapping: 0.777700 ms MarkObjects: 9.149000 ms  DeleteObjects: 4.700000 ms)

Prepare: number of updated asset objects reloaded= 0
========================================================================
Received Prepare
Begin MonoManager ReloadAssembly
[Licensing::Client] Successfully resolved entitlement details
ADTM: Control thread waiting for realtime thread timed out, have to lock...
- Loaded All Assemblies, in  2.317 seconds
Refreshing native plugins compatible for Editor in 1.24 ms, found 3 plugins.
Native extension for WindowsStandalone target not found
Native extension for WebGL target not found
[Package Manager] Failed to launch server process. Reason: Unity was launched with the -noUpm command-line argument
[Package Manager] Unable to send message (not connected to server process).
[Package Manager] Cannot connect to Unity Package Manager local server
ScheduleIndexationOnStartup MainProcess:False IndexOnStartup:True
Mono: successfully reloaded assembly
- Finished resetting the current domain, in  1.277 seconds
Domain Reload Profiling: 3600ms
	BeginReloadAssembly (1409ms)
		ExecutionOrderSort (0ms)
		DisableScriptedObjects (12ms)
		BackupInstance (0ms)
		ReleaseScriptingObjects (0ms)
		CreateAndSetChildDomain (1115ms)
	RebuildCommonClasses (80ms)
	RebuildNativeTypeToScriptingClass (32ms)
	initialDomainReloadingComplete (50ms)
	LoadAllAssembliesAndSetupDomain (751ms)
		LoadAssemblies (589ms)
		RebuildTransferFunctionScriptingTraits (0ms)
		AnalyzeDomain (359ms)
			TypeCache.Refresh (14ms)
				TypeCache.ScanAssembly (0ms)
			BuildScriptInfoCaches (314ms)
			ResolveRequiredComponents (21ms)
	FinalizeReload (1278ms)
		ReleaseScriptCaches (0ms)
		RebuildScriptCaches (0ms)
		SetupLoadedEditorAssemblies (1029ms)
			LogAssemblyErrors (0ms)
			InitializePlatformSupportModulesInManaged (4ms)
			SetLoadedEditorAssemblies (8ms)
			BeforeProcessingInitializeOnLoad (274ms)
			ProcessInitializeOnLoadAttributes (614ms)
			ProcessInitializeOnLoadMethodAttributes (124ms)
			AfterProcessingInitializeOnLoad (5ms)
			EditorAssembliesLoaded (0ms)
		ExecutionOrderSort2 (0ms)
		AwakeInstancesAfterBackupRestoration (13ms)
WARNING: Shader Unsupported: 'Hidden/Universal Render Pipeline/Terrain/Lit (Base Pass)' - All subshaders removed
WARNING: Shader Did you use #pragma only_renderers and omit this platform?
WARNING: Shader If subshaders removal was intentional, you may have forgotten turning Fallback off?
WARNING: Shader Unsupported: 'Hidden/Universal Render Pipeline/Terrain/Lit (Base Pass)' - All subshaders removed
WARNING: Shader Did you use #pragma only_renderers and omit this platform?
WARNING: Shader If subshaders removal was intentional, you may have forgotten turning Fallback off?
WARNING: Shader Unsupported: 'Universal Render Pipeline/Terrain/Lit' - All subshaders removed
WARNING: Shader Did you use #pragma only_renderers and omit this platform?
WARNING: Shader If subshaders removal was intentional, you may have forgotten turning Fallback off?
WARNING: Shader Unsupported: 'Universal Render Pipeline/Terrain/Lit' - All subshaders removed
WARNING: Shader Did you use #pragma only_renderers and omit this platform?
WARNING: Shader If subshaders removal was intentional, you may have forgotten turning Fallback off?
Refreshing native plugins compatible for Editor in 1.31 ms, found 3 plugins.
Preloading 0 native plugins for Editor in 0.00 ms.
Unloading 45 Unused Serialized files (Serialized files now loaded: 0)
Unloading 6247 unused Assets / (6.5 MB). Loaded Objects now: 6914.
Memory consumption went from 150.2 MB to 143.8 MB.
Total: 14.586100 ms (FindLiveObjects: 1.052000 ms CreateObjectMapping: 0.805600 ms MarkObjects: 8.197000 ms  DeleteObjects: 4.530300 ms)

Prepare: number of updated asset objects reloaded= 0
========================================================================
Received Prepare
Begin MonoManager ReloadAssembly
ADTM: Control thread waiting for realtime thread timed out, have to lock...
- Loaded All Assemblies, in  2.260 seconds
Refreshing native plugins compatible for Editor in 1.13 ms, found 3 plugins.
Native extension for WindowsStandalone target not found
Native extension for WebGL target not found
[Package Manager] Failed to launch server process. Reason: Unity was launched with the -noUpm command-line argument
[Package Manager] Unable to send message (not connected to server process).
[Package Manager] Cannot connect to Unity Package Manager local server
ScheduleIndexationOnStartup MainProcess:False IndexOnStartup:True
Mono: successfully reloaded assembly
- Finished resetting the current domain, in  1.242 seconds
Domain Reload Profiling: 3506ms
	BeginReloadAssembly (1409ms)
		ExecutionOrderSort (0ms)
		DisableScriptedObjects (12ms)
		BackupInstance (0ms)
		ReleaseScriptingObjects (0ms)
		CreateAndSetChildDomain (1107ms)
	RebuildCommonClasses (77ms)
	RebuildNativeTypeToScriptingClass (29ms)
	initialDomainReloadingComplete (51ms)
	LoadAllAssembliesAndSetupDomain (698ms)
		LoadAssemblies (562ms)
		RebuildTransferFunctionScriptingTraits (0ms)
		AnalyzeDomain (348ms)
			TypeCache.Refresh (13ms)
				TypeCache.ScanAssembly (0ms)
			BuildScriptInfoCaches (307ms)
			ResolveRequiredComponents (20ms)
	FinalizeReload (1243ms)
		ReleaseScriptCaches (0ms)
		RebuildScriptCaches (0ms)
		SetupLoadedEditorAssemblies (993ms)
			LogAssemblyErrors (0ms)
			InitializePlatformSupportModulesInManaged (4ms)
			SetLoadedEditorAssemblies (8ms)
			BeforeProcessingInitializeOnLoad (272ms)
			ProcessInitializeOnLoadAttributes (585ms)
			ProcessInitializeOnLoadMethodAttributes (118ms)
			AfterProcessingInitializeOnLoad (5ms)
			EditorAssembliesLoaded (1ms)
		ExecutionOrderSort2 (0ms)
		AwakeInstancesAfterBackupRestoration (12ms)
WARNING: Shader Unsupported: 'Hidden/Universal Render Pipeline/Terrain/Lit (Base Pass)' - All subshaders removed
WARNING: Shader Did you use #pragma only_renderers and omit this platform?
WARNING: Shader If subshaders removal was intentional, you may have forgotten turning Fallback off?
WARNING: Shader Unsupported: 'Hidden/Universal Render Pipeline/Terrain/Lit (Base Pass)' - All subshaders removed
WARNING: Shader Did you use #pragma only_renderers and omit this platform?
WARNING: Shader If subshaders removal was intentional, you may have forgotten turning Fallback off?
WARNING: Shader Unsupported: 'Universal Render Pipeline/Terrain/Lit' - All subshaders removed
WARNING: Shader Did you use #pragma only_renderers and omit this platform?
WARNING: Shader If subshaders removal was intentional, you may have forgotten turning Fallback off?
WARNING: Shader Unsupported: 'Universal Render Pipeline/Terrain/Lit' - All subshaders removed
WARNING: Shader Did you use #pragma only_renderers and omit this platform?
WARNING: Shader If subshaders removal was intentional, you may have forgotten turning Fallback off?
Refreshing native plugins compatible for Editor in 1.30 ms, found 3 plugins.
Preloading 0 native plugins for Editor in 0.00 ms.
Unloading 45 Unused Serialized files (Serialized files now loaded: 0)
Unloading 6247 unused Assets / (6.4 MB). Loaded Objects now: 6917.
Memory consumption went from 150.2 MB to 143.8 MB.
Total: 15.271400 ms (FindLiveObjects: 1.074400 ms CreateObjectMapping: 0.785800 ms MarkObjects: 8.652700 ms  DeleteObjects: 4.757100 ms)

Prepare: number of updated asset objects reloaded= 0
========================================================================
Received Prepare
WARNING: Shader Unsupported: 'Hidden/Universal Render Pipeline/Terrain/Lit (Base Pass)' - All subshaders removed
WARNING: Shader Did you use #pragma only_renderers and omit this platform?
WARNING: Shader If subshaders removal was intentional, you may have forgotten turning Fallback off?
WARNING: Shader Unsupported: 'Hidden/Universal Render Pipeline/Terrain/Lit (Base Pass)' - All subshaders removed
WARNING: Shader Did you use #pragma only_renderers and omit this platform?
WARNING: Shader If subshaders removal was intentional, you may have forgotten turning Fallback off?
WARNING: Shader Unsupported: 'Universal Render Pipeline/Terrain/Lit' - All subshaders removed
WARNING: Shader Did you use #pragma only_renderers and omit this platform?
WARNING: Shader If subshaders removal was intentional, you may have forgotten turning Fallback off?
WARNING: Shader Unsupported: 'Universal Render Pipeline/Terrain/Lit' - All subshaders removed
WARNING: Shader Did you use #pragma only_renderers and omit this platform?
WARNING: Shader If subshaders removal was intentional, you may have forgotten turning Fallback off?
Refreshing native plugins compatible for Editor in 1.44 ms, found 3 plugins.
Preloading 0 native plugins for Editor in 0.00 ms.
Unloading 45 Unused Serialized files (Serialized files now loaded: 0)
Unloading 6241 unused Assets / (6.5 MB). Loaded Objects now: 6917.
Memory consumption went from 150.4 MB to 143.9 MB.
Total: 17.773000 ms (FindLiveObjects: 1.321200 ms CreateObjectMapping: 0.867900 ms MarkObjects: 10.754100 ms  DeleteObjects: 4.828100 ms)

Prepare: number of updated asset objects reloaded= 0
========================================================================
Received Prepare
Begin MonoManager ReloadAssembly
[Licensing::Client] Successfully resolved entitlement details
ADTM: Control thread waiting for realtime thread timed out, have to lock...
- Loaded All Assemblies, in  2.278 seconds
Refreshing native plugins compatible for Editor in 1.24 ms, found 3 plugins.
Native extension for WindowsStandalone target not found
Native extension for WebGL target not found
[Package Manager] Failed to launch server process. Reason: Unity was launched with the -noUpm command-line argument
[Package Manager] Unable to send message (not connected to server process).
[Package Manager] Cannot connect to Unity Package Manager local server
ScheduleIndexationOnStartup MainProcess:False IndexOnStartup:True
Mono: successfully reloaded assembly
- Finished resetting the current domain, in  1.255 seconds
Domain Reload Profiling: 3537ms
	BeginReloadAssembly (1392ms)
		ExecutionOrderSort (0ms)
		DisableScriptedObjects (11ms)
		BackupInstance (0ms)
		ReleaseScriptingObjects (0ms)
		CreateAndSetChildDomain (1096ms)
	RebuildCommonClasses (76ms)
	RebuildNativeTypeToScriptingClass (35ms)
	initialDomainReloadingComplete (52ms)
	LoadAllAssembliesAndSetupDomain (726ms)
		LoadAssemblies (567ms)
		RebuildTransferFunctionScriptingTraits (0ms)
		AnalyzeDomain (360ms)
			TypeCache.Refresh (19ms)
				TypeCache.ScanAssembly (0ms)
			BuildScriptInfoCaches (313ms)
			ResolveRequiredComponents (20ms)
	FinalizeReload (1255ms)
		ReleaseScriptCaches (0ms)
		RebuildScriptCaches (0ms)
		SetupLoadedEditorAssemblies (992ms)
			LogAssemblyErrors (0ms)
			InitializePlatformSupportModulesInManaged (4ms)
			SetLoadedEditorAssemblies (8ms)
			BeforeProcessingInitializeOnLoad (270ms)
			ProcessInitializeOnLoadAttributes (595ms)
			ProcessInitializeOnLoadMethodAttributes (110ms)
			AfterProcessingInitializeOnLoad (5ms)
			EditorAssembliesLoaded (1ms)
		ExecutionOrderSort2 (0ms)
		AwakeInstancesAfterBackupRestoration (12ms)
WARNING: Shader Unsupported: 'Hidden/Universal Render Pipeline/Terrain/Lit (Base Pass)' - All subshaders removed
WARNING: Shader Did you use #pragma only_renderers and omit this platform?
WARNING: Shader If subshaders removal was intentional, you may have forgotten turning Fallback off?
WARNING: Shader Unsupported: 'Hidden/Universal Render Pipeline/Terrain/Lit (Base Pass)' - All subshaders removed
WARNING: Shader Did you use #pragma only_renderers and omit this platform?
WARNING: Shader If subshaders removal was intentional, you may have forgotten turning Fallback off?
WARNING: Shader Unsupported: 'Universal Render Pipeline/Terrain/Lit' - All subshaders removed
WARNING: Shader Did you use #pragma only_renderers and omit this platform?
WARNING: Shader If subshaders removal was intentional, you may have forgotten turning Fallback off?
WARNING: Shader Unsupported: 'Universal Render Pipeline/Terrain/Lit' - All subshaders removed
WARNING: Shader Did you use #pragma only_renderers and omit this platform?
WARNING: Shader If subshaders removal was intentional, you may have forgotten turning Fallback off?
Refreshing native plugins compatible for Editor in 1.83 ms, found 3 plugins.
Preloading 0 native plugins for Editor in 0.00 ms.
Unloading 45 Unused Serialized files (Serialized files now loaded: 0)
Unloading 6247 unused Assets / (6.7 MB). Loaded Objects now: 6920.
Memory consumption went from 150.2 MB to 143.6 MB.
Total: 20.579700 ms (FindLiveObjects: 1.188300 ms CreateObjectMapping: 1.082800 ms MarkObjects: 10.314900 ms  DeleteObjects: 7.990900 ms)

Prepare: number of updated asset objects reloaded= 0
========================================================================
Received Prepare
Begin MonoManager ReloadAssembly
ADTM: Control thread waiting for realtime thread timed out, have to lock...
- Loaded All Assemblies, in  2.234 seconds
Refreshing native plugins compatible for Editor in 1.25 ms, found 3 plugins.
Native extension for WindowsStandalone target not found
Native extension for WebGL target not found
[Package Manager] Failed to launch server process. Reason: Unity was launched with the -noUpm command-line argument
[Package Manager] Unable to send message (not connected to server process).
[Package Manager] Cannot connect to Unity Package Manager local server
ScheduleIndexationOnStartup MainProcess:False IndexOnStartup:True
Mono: successfully reloaded assembly
- Finished resetting the current domain, in  1.263 seconds
Domain Reload Profiling: 3502ms
	BeginReloadAssembly (1370ms)
		ExecutionOrderSort (0ms)
		DisableScriptedObjects (11ms)
		BackupInstance (0ms)
		ReleaseScriptingObjects (0ms)
		CreateAndSetChildDomain (1109ms)
	RebuildCommonClasses (76ms)
	RebuildNativeTypeToScriptingClass (32ms)
	initialDomainReloadingComplete (49ms)
	LoadAllAssembliesAndSetupDomain (712ms)
		LoadAssemblies (516ms)
		RebuildTransferFunctionScriptingTraits (0ms)
		AnalyzeDomain (367ms)
			TypeCache.Refresh (15ms)
				TypeCache.ScanAssembly (0ms)
			BuildScriptInfoCaches (323ms)
			ResolveRequiredComponents (20ms)
	FinalizeReload (1263ms)
		ReleaseScriptCaches (0ms)
		RebuildScriptCaches (0ms)
		SetupLoadedEditorAssemblies (1009ms)
			LogAssemblyErrors (0ms)
			InitializePlatformSupportModulesInManaged (4ms)
			SetLoadedEditorAssemblies (8ms)
			BeforeProcessingInitializeOnLoad (274ms)
			ProcessInitializeOnLoadAttributes (595ms)
			ProcessInitializeOnLoadMethodAttributes (122ms)
			AfterProcessingInitializeOnLoad (5ms)
			EditorAssembliesLoaded (0ms)
		ExecutionOrderSort2 (0ms)
		AwakeInstancesAfterBackupRestoration (12ms)
WARNING: Shader Unsupported: 'Hidden/Universal Render Pipeline/Terrain/Lit (Base Pass)' - All subshaders removed
WARNING: Shader Did you use #pragma only_renderers and omit this platform?
WARNING: Shader If subshaders removal was intentional, you may have forgotten turning Fallback off?
WARNING: Shader Unsupported: 'Hidden/Universal Render Pipeline/Terrain/Lit (Base Pass)' - All subshaders removed
WARNING: Shader Did you use #pragma only_renderers and omit this platform?
WARNING: Shader If subshaders removal was intentional, you may have forgotten turning Fallback off?
WARNING: Shader Unsupported: 'Universal Render Pipeline/Terrain/Lit' - All subshaders removed
WARNING: Shader Did you use #pragma only_renderers and omit this platform?
WARNING: Shader If subshaders removal was intentional, you may have forgotten turning Fallback off?
WARNING: Shader Unsupported: 'Universal Render Pipeline/Terrain/Lit' - All subshaders removed
WARNING: Shader Did you use #pragma only_renderers and omit this platform?
WARNING: Shader If subshaders removal was intentional, you may have forgotten turning Fallback off?
Refreshing native plugins compatible for Editor in 1.40 ms, found 3 plugins.
Preloading 0 native plugins for Editor in 0.00 ms.
Unloading 45 Unused Serialized files (Serialized files now loaded: 0)
Unloading 6247 unused Assets / (6.5 MB). Loaded Objects now: 6923.
Memory consumption went from 150.2 MB to 143.7 MB.
Total: 15.540100 ms (FindLiveObjects: 1.170400 ms CreateObjectMapping: 1.476300 ms MarkObjects: 8.241500 ms  DeleteObjects: 4.650300 ms)

Prepare: number of updated asset objects reloaded= 0
========================================================================
Received Prepare
Begin MonoManager ReloadAssembly
ADTM: Control thread waiting for realtime thread timed out, have to lock...
- Loaded All Assemblies, in  2.243 seconds
Refreshing native plugins compatible for Editor in 1.18 ms, found 3 plugins.
Native extension for WindowsStandalone target not found
Native extension for WebGL target not found
[Package Manager] Failed to launch server process. Reason: Unity was launched with the -noUpm command-line argument
[Package Manager] Unable to send message (not connected to server process).
[Package Manager] Cannot connect to Unity Package Manager local server
ScheduleIndexationOnStartup MainProcess:False IndexOnStartup:True
Mono: successfully reloaded assembly
- Finished resetting the current domain, in  1.253 seconds
Domain Reload Profiling: 3501ms
	BeginReloadAssembly (1383ms)
		ExecutionOrderSort (0ms)
		DisableScriptedObjects (11ms)
		BackupInstance (0ms)
		ReleaseScriptingObjects (0ms)
		CreateAndSetChildDomain (1100ms)
	RebuildCommonClasses (71ms)
	RebuildNativeTypeToScriptingClass (32ms)
	initialDomainReloadingComplete (47ms)
	LoadAllAssembliesAndSetupDomain (715ms)
		LoadAssemblies (551ms)
		RebuildTransferFunctionScriptingTraits (0ms)
		AnalyzeDomain (353ms)
			TypeCache.Refresh (13ms)
				TypeCache.ScanAssembly (0ms)
			BuildScriptInfoCaches (308ms)
			ResolveRequiredComponents (21ms)
	FinalizeReload (1254ms)
		ReleaseScriptCaches (0ms)
		RebuildScriptCaches (0ms)
		SetupLoadedEditorAssemblies (1005ms)
			LogAssemblyErrors (0ms)
			InitializePlatformSupportModulesInManaged (4ms)
			SetLoadedEditorAssemblies (8ms)
			BeforeProcessingInitializeOnLoad (275ms)
			ProcessInitializeOnLoadAttributes (597ms)
			ProcessInitializeOnLoadMethodAttributes (116ms)
			AfterProcessingInitializeOnLoad (5ms)
			EditorAssembliesLoaded (0ms)
		ExecutionOrderSort2 (0ms)
		AwakeInstancesAfterBackupRestoration (13ms)
WARNING: Shader Unsupported: 'Hidden/Universal Render Pipeline/Terrain/Lit (Base Pass)' - All subshaders removed
WARNING: Shader Did you use #pragma only_renderers and omit this platform?
WARNING: Shader If subshaders removal was intentional, you may have forgotten turning Fallback off?
WARNING: Shader Unsupported: 'Hidden/Universal Render Pipeline/Terrain/Lit (Base Pass)' - All subshaders removed
WARNING: Shader Did you use #pragma only_renderers and omit this platform?
WARNING: Shader If subshaders removal was intentional, you may have forgotten turning Fallback off?
WARNING: Shader Unsupported: 'Universal Render Pipeline/Terrain/Lit' - All subshaders removed
WARNING: Shader Did you use #pragma only_renderers and omit this platform?
WARNING: Shader If subshaders removal was intentional, you may have forgotten turning Fallback off?
WARNING: Shader Unsupported: 'Universal Render Pipeline/Terrain/Lit' - All subshaders removed
WARNING: Shader Did you use #pragma only_renderers and omit this platform?
WARNING: Shader If subshaders removal was intentional, you may have forgotten turning Fallback off?
Refreshing native plugins compatible for Editor in 1.38 ms, found 3 plugins.
Preloading 0 native plugins for Editor in 0.00 ms.
Unloading 45 Unused Serialized files (Serialized files now loaded: 0)
Unloading 6247 unused Assets / (6.4 MB). Loaded Objects now: 6926.
Memory consumption went from 150.2 MB to 143.8 MB.
Total: 14.639500 ms (FindLiveObjects: 1.186400 ms CreateObjectMapping: 0.745300 ms MarkObjects: 8.313700 ms  DeleteObjects: 4.392900 ms)

Prepare: number of updated asset objects reloaded= 0
========================================================================
Received Prepare
Begin MonoManager ReloadAssembly
ADTM: Control thread waiting for realtime thread timed out, have to lock...
- Loaded All Assemblies, in  2.314 seconds
Refreshing native plugins compatible for Editor in 1.30 ms, found 3 plugins.
Native extension for WindowsStandalone target not found
Native extension for WebGL target not found
[Package Manager] Failed to launch server process. Reason: Unity was launched with the -noUpm command-line argument
[Package Manager] Unable to send message (not connected to server process).
[Package Manager] Cannot connect to Unity Package Manager local server
ScheduleIndexationOnStartup MainProcess:False IndexOnStartup:True
Mono: successfully reloaded assembly
- Finished resetting the current domain, in  1.289 seconds
Domain Reload Profiling: 3609ms
	BeginReloadAssembly (1409ms)
		ExecutionOrderSort (0ms)
		DisableScriptedObjects (10ms)
		BackupInstance (0ms)
		ReleaseScriptingObjects (0ms)
		CreateAndSetChildDomain (1118ms)
	RebuildCommonClasses (89ms)
	RebuildNativeTypeToScriptingClass (35ms)
	initialDomainReloadingComplete (56ms)
	LoadAllAssembliesAndSetupDomain (729ms)
		LoadAssemblies (557ms)
		RebuildTransferFunctionScriptingTraits (0ms)
		AnalyzeDomain (371ms)
			TypeCache.Refresh (13ms)
				TypeCache.ScanAssembly (0ms)
			BuildScriptInfoCaches (326ms)
			ResolveRequiredComponents (22ms)
	FinalizeReload (1290ms)
		ReleaseScriptCaches (0ms)
		RebuildScriptCaches (0ms)
		SetupLoadedEditorAssemblies (1033ms)
			LogAssemblyErrors (0ms)
			InitializePlatformSupportModulesInManaged (4ms)
			SetLoadedEditorAssemblies (8ms)
			BeforeProcessingInitializeOnLoad (286ms)
			ProcessInitializeOnLoadAttributes (612ms)
			ProcessInitializeOnLoadMethodAttributes (118ms)
			AfterProcessingInitializeOnLoad (5ms)
			EditorAssembliesLoaded (0ms)
		ExecutionOrderSort2 (0ms)
		AwakeInstancesAfterBackupRestoration (12ms)
WARNING: Shader Unsupported: 'Hidden/Universal Render Pipeline/Terrain/Lit (Base Pass)' - All subshaders removed
WARNING: Shader Did you use #pragma only_renderers and omit this platform?
WARNING: Shader If subshaders removal was intentional, you may have forgotten turning Fallback off?
WARNING: Shader Unsupported: 'Hidden/Universal Render Pipeline/Terrain/Lit (Base Pass)' - All subshaders removed
WARNING: Shader Did you use #pragma only_renderers and omit this platform?
WARNING: Shader If subshaders removal was intentional, you may have forgotten turning Fallback off?
WARNING: Shader Unsupported: 'Universal Render Pipeline/Terrain/Lit' - All subshaders removed
WARNING: Shader Did you use #pragma only_renderers and omit this platform?
WARNING: Shader If subshaders removal was intentional, you may have forgotten turning Fallback off?
WARNING: Shader Unsupported: 'Universal Render Pipeline/Terrain/Lit' - All subshaders removed
WARNING: Shader Did you use #pragma only_renderers and omit this platform?
WARNING: Shader If subshaders removal was intentional, you may have forgotten turning Fallback off?
Refreshing native plugins compatible for Editor in 1.41 ms, found 3 plugins.
Preloading 0 native plugins for Editor in 0.00 ms.
Unloading 45 Unused Serialized files (Serialized files now loaded: 0)
Unloading 6247 unused Assets / (6.2 MB). Loaded Objects now: 6929.
Memory consumption went from 150.2 MB to 144.0 MB.
Total: 16.125200 ms (FindLiveObjects: 1.202700 ms CreateObjectMapping: 1.018700 ms MarkObjects: 8.963800 ms  DeleteObjects: 4.938100 ms)

Prepare: number of updated asset objects reloaded= 0
========================================================================
Received Prepare
Begin MonoManager ReloadAssembly
[Licensing::Client] Successfully resolved entitlement details
ADTM: Control thread waiting for realtime thread timed out, have to lock...
- Loaded All Assemblies, in  2.329 seconds
Refreshing native plugins compatible for Editor in 1.17 ms, found 3 plugins.
Native extension for WindowsStandalone target not found
Native extension for WebGL target not found
[Package Manager] Failed to launch server process. Reason: Unity was launched with the -noUpm command-line argument
[Package Manager] Unable to send message (not connected to server process).
[Package Manager] Cannot connect to Unity Package Manager local server
ScheduleIndexationOnStartup MainProcess:False IndexOnStartup:True
Mono: successfully reloaded assembly
- Finished resetting the current domain, in  1.269 seconds
Domain Reload Profiling: 3602ms
	BeginReloadAssembly (1409ms)
		ExecutionOrderSort (0ms)
		DisableScriptedObjects (13ms)
		BackupInstance (0ms)
		ReleaseScriptingObjects (0ms)
		CreateAndSetChildDomain (1127ms)
	RebuildCommonClasses (80ms)
	RebuildNativeTypeToScriptingClass (29ms)
	initialDomainReloadingComplete (48ms)
	LoadAllAssembliesAndSetupDomain (767ms)
		LoadAssemblies (550ms)
		RebuildTransferFunctionScriptingTraits (0ms)
		AnalyzeDomain (400ms)
			TypeCache.Refresh (16ms)
				TypeCache.ScanAssembly (0ms)
			BuildScriptInfoCaches (353ms)
			ResolveRequiredComponents (22ms)
	FinalizeReload (1270ms)
		ReleaseScriptCaches (0ms)
		RebuildScriptCaches (0ms)
		SetupLoadedEditorAssemblies (1015ms)
			LogAssemblyErrors (0ms)
			InitializePlatformSupportModulesInManaged (4ms)
			SetLoadedEditorAssemblies (8ms)
			BeforeProcessingInitializeOnLoad (278ms)
			ProcessInitializeOnLoadAttributes (605ms)
			ProcessInitializeOnLoadMethodAttributes (115ms)
			AfterProcessingInitializeOnLoad (5ms)
			EditorAssembliesLoaded (0ms)
		ExecutionOrderSort2 (0ms)
		AwakeInstancesAfterBackupRestoration (12ms)
WARNING: Shader Unsupported: 'Hidden/Universal Render Pipeline/Terrain/Lit (Base Pass)' - All subshaders removed
WARNING: Shader Did you use #pragma only_renderers and omit this platform?
WARNING: Shader If subshaders removal was intentional, you may have forgotten turning Fallback off?
WARNING: Shader Unsupported: 'Hidden/Universal Render Pipeline/Terrain/Lit (Base Pass)' - All subshaders removed
WARNING: Shader Did you use #pragma only_renderers and omit this platform?
WARNING: Shader If subshaders removal was intentional, you may have forgotten turning Fallback off?
WARNING: Shader Unsupported: 'Universal Render Pipeline/Terrain/Lit' - All subshaders removed
WARNING: Shader Did you use #pragma only_renderers and omit this platform?
WARNING: Shader If subshaders removal was intentional, you may have forgotten turning Fallback off?
WARNING: Shader Unsupported: 'Universal Render Pipeline/Terrain/Lit' - All subshaders removed
WARNING: Shader Did you use #pragma only_renderers and omit this platform?
WARNING: Shader If subshaders removal was intentional, you may have forgotten turning Fallback off?
Refreshing native plugins compatible for Editor in 1.33 ms, found 3 plugins.
Preloading 0 native plugins for Editor in 0.00 ms.
Unloading 45 Unused Serialized files (Serialized files now loaded: 0)
Unloading 6247 unused Assets / (7.2 MB). Loaded Objects now: 6932.
Memory consumption went from 150.3 MB to 143.1 MB.
Total: 16.057700 ms (FindLiveObjects: 1.015100 ms CreateObjectMapping: 0.728700 ms MarkObjects: 8.639500 ms  DeleteObjects: 5.673200 ms)

Prepare: number of updated asset objects reloaded= 0
========================================================================
Received Import Request.
  Time since last request: 1969.678145 seconds.
  path: Assets/materials/player.mat
  artifactKey: Guid(5e79362dbb0cec645aa4e949c4b60f84) Importer(815301076,1909f56bfc062723c751e8b465ee728b)
Start importing Assets/materials/player.mat using Guid(5e79362dbb0cec645aa4e949c4b60f84) Importer(815301076,1909f56bfc062723c751e8b465ee728b) (PreviewImporter) -> (artifact id: 'b9b1549689e59b7df97f2a6f73d197eb') in 0.2873893 seconds
Number of updated asset objects reloaded before import = 0Number of asset objects unloaded after import = 1

========================================================================
Received Prepare
Begin MonoManager ReloadAssembly
[Licensing::Client] Successfully resolved entitlement details
ADTM: Control thread waiting for realtime thread timed out, have to lock...
- Loaded All Assemblies, in  2.415 seconds
Refreshing native plugins compatible for Editor in 1.94 ms, found 3 plugins.
Native extension for WindowsStandalone target not found
Native extension for WebGL target not found
[Package Manager] Failed to launch server process. Reason: Unity was launched with the -noUpm command-line argument
[Package Manager] Unable to send message (not connected to server process).
[Package Manager] Cannot connect to Unity Package Manager local server
ScheduleIndexationOnStartup MainProcess:False IndexOnStartup:True
Mono: successfully reloaded assembly
- Finished resetting the current domain, in  1.289 seconds
Domain Reload Profiling: 3709ms
	BeginReloadAssembly (1417ms)
		ExecutionOrderSort (0ms)
		DisableScriptedObjects (12ms)
		BackupInstance (0ms)
		ReleaseScriptingObjects (0ms)
		CreateAndSetChildDomain (1114ms)
	RebuildCommonClasses (93ms)
	RebuildNativeTypeToScriptingClass (32ms)
	initialDomainReloadingComplete (54ms)
	LoadAllAssembliesAndSetupDomain (822ms)
		LoadAssemblies (659ms)
		RebuildTransferFunctionScriptingTraits (0ms)
		AnalyzeDomain (364ms)
			TypeCache.Refresh (14ms)
				TypeCache.ScanAssembly (0ms)
			BuildScriptInfoCaches (319ms)
			ResolveRequiredComponents (21ms)
	FinalizeReload (1290ms)
		ReleaseScriptCaches (0ms)
		RebuildScriptCaches (0ms)
		SetupLoadedEditorAssemblies (1030ms)
			LogAssemblyErrors (0ms)
			InitializePlatformSupportModulesInManaged (4ms)
			SetLoadedEditorAssemblies (8ms)
			BeforeProcessingInitializeOnLoad (277ms)
			ProcessInitializeOnLoadAttributes (608ms)
			ProcessInitializeOnLoadMethodAttributes (127ms)
			AfterProcessingInitializeOnLoad (6ms)
			EditorAssembliesLoaded (0ms)
		ExecutionOrderSort2 (0ms)
		AwakeInstancesAfterBackupRestoration (13ms)
WARNING: Shader Unsupported: 'Hidden/Universal Render Pipeline/Terrain/Lit (Base Pass)' - All subshaders removed
WARNING: Shader Did you use #pragma only_renderers and omit this platform?
WARNING: Shader If subshaders removal was intentional, you may have forgotten turning Fallback off?
WARNING: Shader Unsupported: 'Hidden/Universal Render Pipeline/Terrain/Lit (Base Pass)' - All subshaders removed
WARNING: Shader Did you use #pragma only_renderers and omit this platform?
WARNING: Shader If subshaders removal was intentional, you may have forgotten turning Fallback off?
WARNING: Shader Unsupported: 'Universal Render Pipeline/Terrain/Lit' - All subshaders removed
WARNING: Shader Did you use #pragma only_renderers and omit this platform?
WARNING: Shader If subshaders removal was intentional, you may have forgotten turning Fallback off?
WARNING: Shader Unsupported: 'Universal Render Pipeline/Terrain/Lit' - All subshaders removed
WARNING: Shader Did you use #pragma only_renderers and omit this platform?
WARNING: Shader If subshaders removal was intentional, you may have forgotten turning Fallback off?
Refreshing native plugins compatible for Editor in 1.35 ms, found 3 plugins.
Preloading 0 native plugins for Editor in 0.00 ms.
Unloading 45 Unused Serialized files (Serialized files now loaded: 0)
Unloading 6247 unused Assets / (6.5 MB). Loaded Objects now: 6975.
Memory consumption went from 150.7 MB to 144.3 MB.
Total: 15.606800 ms (FindLiveObjects: 1.278800 ms CreateObjectMapping: 0.758500 ms MarkObjects: 8.777700 ms  DeleteObjects: 4.790300 ms)

Prepare: number of updated asset objects reloaded= 0
========================================================================
Received Prepare
Begin MonoManager ReloadAssembly
[Licensing::Client] Successfully resolved entitlement details
ADTM: Control thread waiting for realtime thread timed out, have to lock...
- Loaded All Assemblies, in  2.283 seconds
Refreshing native plugins compatible for Editor in 1.23 ms, found 3 plugins.
Native extension for WindowsStandalone target not found
Native extension for WebGL target not found
[Package Manager] Failed to launch server process. Reason: Unity was launched with the -noUpm command-line argument
[Package Manager] Unable to send message (not connected to server process).
[Package Manager] Cannot connect to Unity Package Manager local server
ScheduleIndexationOnStartup MainProcess:False IndexOnStartup:True
Mono: successfully reloaded assembly
- Finished resetting the current domain, in  1.230 seconds
Domain Reload Profiling: 3517ms
	BeginReloadAssembly (1371ms)
		ExecutionOrderSort (0ms)
		DisableScriptedObjects (11ms)
		BackupInstance (0ms)
		ReleaseScriptingObjects (0ms)
		CreateAndSetChildDomain (1095ms)
	RebuildCommonClasses (84ms)
	RebuildNativeTypeToScriptingClass (32ms)
	initialDomainReloadingComplete (50ms)
	LoadAllAssembliesAndSetupDomain (749ms)
		LoadAssemblies (562ms)
		RebuildTransferFunctionScriptingTraits (0ms)
		AnalyzeDomain (372ms)
			TypeCache.Refresh (15ms)
				TypeCache.ScanAssembly (0ms)
			BuildScriptInfoCaches (326ms)
			ResolveRequiredComponents (21ms)
	FinalizeReload (1231ms)
		ReleaseScriptCaches (0ms)
		RebuildScriptCaches (0ms)
		SetupLoadedEditorAssemblies (990ms)
			LogAssemblyErrors (0ms)
			InitializePlatformSupportModulesInManaged (4ms)
			SetLoadedEditorAssemblies (7ms)
			BeforeProcessingInitializeOnLoad (274ms)
			ProcessInitializeOnLoadAttributes (580ms)
			ProcessInitializeOnLoadMethodAttributes (119ms)
			AfterProcessingInitializeOnLoad (5ms)
			EditorAssembliesLoaded (0ms)
		ExecutionOrderSort2 (0ms)
		AwakeInstancesAfterBackupRestoration (12ms)
WARNING: Shader Unsupported: 'Hidden/Universal Render Pipeline/Terrain/Lit (Base Pass)' - All subshaders removed
WARNING: Shader Did you use #pragma only_renderers and omit this platform?
WARNING: Shader If subshaders removal was intentional, you may have forgotten turning Fallback off?
WARNING: Shader Unsupported: 'Hidden/Universal Render Pipeline/Terrain/Lit (Base Pass)' - All subshaders removed
WARNING: Shader Did you use #pragma only_renderers and omit this platform?
WARNING: Shader If subshaders removal was intentional, you may have forgotten turning Fallback off?
WARNING: Shader Unsupported: 'Universal Render Pipeline/Terrain/Lit' - All subshaders removed
WARNING: Shader Did you use #pragma only_renderers and omit this platform?
WARNING: Shader If subshaders removal was intentional, you may have forgotten turning Fallback off?
WARNING: Shader Unsupported: 'Universal Render Pipeline/Terrain/Lit' - All subshaders removed
WARNING: Shader Did you use #pragma only_renderers and omit this platform?
WARNING: Shader If subshaders removal was intentional, you may have forgotten turning Fallback off?
Refreshing native plugins compatible for Editor in 1.40 ms, found 3 plugins.
Preloading 0 native plugins for Editor in 0.00 ms.
Unloading 45 Unused Serialized files (Serialized files now loaded: 0)
Unloading 6247 unused Assets / (6.4 MB). Loaded Objects now: 6978.
Memory consumption went from 150.8 MB to 144.3 MB.
Total: 22.975200 ms (FindLiveObjects: 1.115600 ms CreateObjectMapping: 0.796200 ms MarkObjects: 15.545900 ms  DeleteObjects: 5.516100 ms)

Prepare: number of updated asset objects reloaded= 0
========================================================================
Received Prepare
Begin MonoManager ReloadAssembly
[Licensing::Client] Successfully resolved entitlement details
ADTM: Control thread waiting for realtime thread timed out, have to lock...
- Loaded All Assemblies, in  2.270 seconds
Refreshing native plugins compatible for Editor in 1.14 ms, found 3 plugins.
Native extension for WindowsStandalone target not found
Native extension for WebGL target not found
[Package Manager] Failed to launch server process. Reason: Unity was launched with the -noUpm command-line argument
[Package Manager] Unable to send message (not connected to server process).
[Package Manager] Cannot connect to Unity Package Manager local server
ScheduleIndexationOnStartup MainProcess:False IndexOnStartup:True
Mono: successfully reloaded assembly
- Finished resetting the current domain, in  1.249 seconds
Domain Reload Profiling: 3524ms
	BeginReloadAssembly (1397ms)
		ExecutionOrderSort (0ms)
		DisableScriptedObjects (12ms)
		BackupInstance (0ms)
		ReleaseScriptingObjects (0ms)
		CreateAndSetChildDomain (1104ms)
	RebuildCommonClasses (87ms)
	RebuildNativeTypeToScriptingClass (28ms)
	initialDomainReloadingComplete (51ms)
	LoadAllAssembliesAndSetupDomain (711ms)
		LoadAssemblies (536ms)
		RebuildTransferFunctionScriptingTraits (0ms)
		AnalyzeDomain (358ms)
			TypeCache.Refresh (13ms)
				TypeCache.ScanAssembly (0ms)
			BuildScriptInfoCaches (310ms)
			ResolveRequiredComponents (25ms)
	FinalizeReload (1250ms)
		ReleaseScriptCaches (0ms)
		RebuildScriptCaches (0ms)
		SetupLoadedEditorAssemblies (1004ms)
			LogAssemblyErrors (0ms)
			InitializePlatformSupportModulesInManaged (4ms)
			SetLoadedEditorAssemblies (8ms)
			BeforeProcessingInitializeOnLoad (273ms)
			ProcessInitializeOnLoadAttributes (595ms)
			ProcessInitializeOnLoadMethodAttributes (119ms)
			AfterProcessingInitializeOnLoad (5ms)
			EditorAssembliesLoaded (0ms)
		ExecutionOrderSort2 (0ms)
		AwakeInstancesAfterBackupRestoration (12ms)
WARNING: Shader Unsupported: 'Hidden/Universal Render Pipeline/Terrain/Lit (Base Pass)' - All subshaders removed
WARNING: Shader Did you use #pragma only_renderers and omit this platform?
WARNING: Shader If subshaders removal was intentional, you may have forgotten turning Fallback off?
WARNING: Shader Unsupported: 'Hidden/Universal Render Pipeline/Terrain/Lit (Base Pass)' - All subshaders removed
WARNING: Shader Did you use #pragma only_renderers and omit this platform?
WARNING: Shader If subshaders removal was intentional, you may have forgotten turning Fallback off?
WARNING: Shader Unsupported: 'Universal Render Pipeline/Terrain/Lit' - All subshaders removed
WARNING: Shader Did you use #pragma only_renderers and omit this platform?
WARNING: Shader If subshaders removal was intentional, you may have forgotten turning Fallback off?
WARNING: Shader Unsupported: 'Universal Render Pipeline/Terrain/Lit' - All subshaders removed
WARNING: Shader Did you use #pragma only_renderers and omit this platform?
WARNING: Shader If subshaders removal was intentional, you may have forgotten turning Fallback off?
Refreshing native plugins compatible for Editor in 1.27 ms, found 3 plugins.
Preloading 0 native plugins for Editor in 0.00 ms.
Unloading 45 Unused Serialized files (Serialized files now loaded: 0)
Unloading 6247 unused Assets / (6.6 MB). Loaded Objects now: 6981.
Memory consumption went from 150.8 MB to 144.1 MB.
Total: 15.000300 ms (FindLiveObjects: 1.094000 ms CreateObjectMapping: 0.788700 ms MarkObjects: 8.283000 ms  DeleteObjects: 4.833200 ms)

Prepare: number of updated asset objects reloaded= 0
========================================================================
Received Prepare
Begin MonoManager ReloadAssembly
ADTM: Control thread waiting for realtime thread timed out, have to lock...
- Loaded All Assemblies, in  2.274 seconds
Refreshing native plugins compatible for Editor in 1.29 ms, found 3 plugins.
Native extension for WindowsStandalone target not found
Native extension for WebGL target not found
[Package Manager] Failed to launch server process. Reason: Unity was launched with the -noUpm command-line argument
[Package Manager] Unable to send message (not connected to server process).
[Package Manager] Cannot connect to Unity Package Manager local server
ScheduleIndexationOnStartup MainProcess:False IndexOnStartup:True
Mono: successfully reloaded assembly
- Finished resetting the current domain, in  1.265 seconds
Domain Reload Profiling: 3543ms
	BeginReloadAssembly (1385ms)
		ExecutionOrderSort (0ms)
		DisableScriptedObjects (10ms)
		BackupInstance (0ms)
		ReleaseScriptingObjects (0ms)
		CreateAndSetChildDomain (1107ms)
	RebuildCommonClasses (82ms)
	RebuildNativeTypeToScriptingClass (32ms)
	initialDomainReloadingComplete (52ms)
	LoadAllAssembliesAndSetupDomain (726ms)
		LoadAssemblies (546ms)
		RebuildTransferFunctionScriptingTraits (0ms)
		AnalyzeDomain (369ms)
			TypeCache.Refresh (14ms)
				TypeCache.ScanAssembly (0ms)
			BuildScriptInfoCaches (326ms)
			ResolveRequiredComponents (20ms)
	FinalizeReload (1266ms)
		ReleaseScriptCaches (0ms)
		RebuildScriptCaches (0ms)
		SetupLoadedEditorAssemblies (996ms)
			LogAssemblyErrors (0ms)
			InitializePlatformSupportModulesInManaged (4ms)
			SetLoadedEditorAssemblies (8ms)
			BeforeProcessingInitializeOnLoad (272ms)
			ProcessInitializeOnLoadAttributes (590ms)
			ProcessInitializeOnLoadMethodAttributes (118ms)
			AfterProcessingInitializeOnLoad (5ms)
			EditorAssembliesLoaded (0ms)
		ExecutionOrderSort2 (0ms)
		AwakeInstancesAfterBackupRestoration (12ms)
WARNING: Shader Unsupported: 'Hidden/Universal Render Pipeline/Terrain/Lit (Base Pass)' - All subshaders removed
WARNING: Shader Did you use #pragma only_renderers and omit this platform?
WARNING: Shader If subshaders removal was intentional, you may have forgotten turning Fallback off?
WARNING: Shader Unsupported: 'Hidden/Universal Render Pipeline/Terrain/Lit (Base Pass)' - All subshaders removed
WARNING: Shader Did you use #pragma only_renderers and omit this platform?
WARNING: Shader If subshaders removal was intentional, you may have forgotten turning Fallback off?
WARNING: Shader Unsupported: 'Universal Render Pipeline/Terrain/Lit' - All subshaders removed
WARNING: Shader Did you use #pragma only_renderers and omit this platform?
WARNING: Shader If subshaders removal was intentional, you may have forgotten turning Fallback off?
WARNING: Shader Unsupported: 'Universal Render Pipeline/Terrain/Lit' - All subshaders removed
WARNING: Shader Did you use #pragma only_renderers and omit this platform?
WARNING: Shader If subshaders removal was intentional, you may have forgotten turning Fallback off?
Refreshing native plugins compatible for Editor in 1.39 ms, found 3 plugins.
Preloading 0 native plugins for Editor in 0.00 ms.
Unloading 45 Unused Serialized files (Serialized files now loaded: 0)
Unloading 6247 unused Assets / (7.0 MB). Loaded Objects now: 6984.
Memory consumption went from 150.8 MB to 143.8 MB.
Total: 16.577000 ms (FindLiveObjects: 1.082500 ms CreateObjectMapping: 0.756600 ms MarkObjects: 8.888100 ms  DeleteObjects: 5.848500 ms)

Prepare: number of updated asset objects reloaded= 0
========================================================================
Received Prepare
Begin MonoManager ReloadAssembly
[Licensing::Client] Successfully resolved entitlement details
ADTM: Control thread waiting for realtime thread timed out, have to lock...
- Loaded All Assemblies, in  2.232 seconds
Refreshing native plugins compatible for Editor in 1.18 ms, found 3 plugins.
Native extension for WindowsStandalone target not found
Native extension for WebGL target not found
[Package Manager] Failed to launch server process. Reason: Unity was launched with the -noUpm command-line argument
[Package Manager] Unable to send message (not connected to server process).
[Package Manager] Cannot connect to Unity Package Manager local server
ScheduleIndexationOnStartup MainProcess:False IndexOnStartup:True
Mono: successfully reloaded assembly
- Finished resetting the current domain, in  1.250 seconds
Domain Reload Profiling: 3486ms
	BeginReloadAssembly (1367ms)
		ExecutionOrderSort (0ms)
		DisableScriptedObjects (15ms)
		BackupInstance (0ms)
		ReleaseScriptingObjects (0ms)
		CreateAndSetChildDomain (1095ms)
	RebuildCommonClasses (71ms)
	RebuildNativeTypeToScriptingClass (28ms)
	initialDomainReloadingComplete (51ms)
	LoadAllAssembliesAndSetupDomain (718ms)
		LoadAssemblies (543ms)
		RebuildTransferFunctionScriptingTraits (0ms)
		AnalyzeDomain (349ms)
			TypeCache.Refresh (13ms)
				TypeCache.ScanAssembly (0ms)
			BuildScriptInfoCaches (308ms)
			ResolveRequiredComponents (19ms)
	FinalizeReload (1251ms)
		ReleaseScriptCaches (0ms)
		RebuildScriptCaches (0ms)
		SetupLoadedEditorAssemblies (1000ms)
			LogAssemblyErrors (0ms)
			InitializePlatformSupportModulesInManaged (4ms)
			SetLoadedEditorAssemblies (8ms)
			BeforeProcessingInitializeOnLoad (285ms)
			ProcessInitializeOnLoadAttributes (587ms)
			ProcessInitializeOnLoadMethodAttributes (111ms)
			AfterProcessingInitializeOnLoad (5ms)
			EditorAssembliesLoaded (1ms)
		ExecutionOrderSort2 (0ms)
		AwakeInstancesAfterBackupRestoration (18ms)
WARNING: Shader Unsupported: 'Hidden/Universal Render Pipeline/Terrain/Lit (Base Pass)' - All subshaders removed
WARNING: Shader Did you use #pragma only_renderers and omit this platform?
WARNING: Shader If subshaders removal was intentional, you may have forgotten turning Fallback off?
WARNING: Shader Unsupported: 'Hidden/Universal Render Pipeline/Terrain/Lit (Base Pass)' - All subshaders removed
WARNING: Shader Did you use #pragma only_renderers and omit this platform?
WARNING: Shader If subshaders removal was intentional, you may have forgotten turning Fallback off?
WARNING: Shader Unsupported: 'Universal Render Pipeline/Terrain/Lit' - All subshaders removed
WARNING: Shader Did you use #pragma only_renderers and omit this platform?
WARNING: Shader If subshaders removal was intentional, you may have forgotten turning Fallback off?
WARNING: Shader Unsupported: 'Universal Render Pipeline/Terrain/Lit' - All subshaders removed
WARNING: Shader Did you use #pragma only_renderers and omit this platform?
WARNING: Shader If subshaders removal was intentional, you may have forgotten turning Fallback off?
Refreshing native plugins compatible for Editor in 2.08 ms, found 3 plugins.
Preloading 0 native plugins for Editor in 0.00 ms.
Unloading 45 Unused Serialized files (Serialized files now loaded: 0)
Unloading 6247 unused Assets / (7.5 MB). Loaded Objects now: 6987.
Memory consumption went from 150.9 MB to 143.3 MB.
Total: 21.899400 ms (FindLiveObjects: 1.139800 ms CreateObjectMapping: 0.977500 ms MarkObjects: 12.029200 ms  DeleteObjects: 7.751100 ms)

Prepare: number of updated asset objects reloaded= 0
